1.791336759924888611e-02,-8.162055164575576782e-03,8.105397820472717285e-01,-2.439910918474197388e-02,8.230318129062652588e-02,8.049492835998535156e-01,5.871009230613708496e-01,4.903278499841690063e-02,2.210996896028518677e-01,6.275271773338317871e-01,1.993858665227890015e-01,5.590881034731864929e-02,-7.760530710220336914e-02,-9.677233546972274780e-02,-3.599469959735870361e-01,-7.690894603729248047e-01,6.513471901416778564e-02,2.378271427005529404e-03,1.148331165313720703e-01,7.696049660444259644e-02,1.458332389593124390e-01,6.670759320259094238e-01,-5.647078752517700195e-01,5.025202631950378418e-01,1.753785461187362671e-01,-1.166086867451667786e-01,-9.300317764282226562e-01,7.859112024307250977e-01,2.894659936428070068e-01,-4.327476620674133301e-01
2.732011303305625916e-02,8.212645538151264191e-03,8.120652437210083008e-01,-1.448123995214700699e-02,8.850274980068206787e-02,8.085857033729553223e-01,5.815038681030273438e-01,1.824392378330230713e-02,2.001123577356338501e-01,5.695236325263977051e-01,2.410073727369308472e-01,7.538195699453353882e-02,-6.398135423660278320e-02,-5.606067180633544922e-02,-3.615048229694366455e-01,-7.934202551841735840e-01,5.536504462361335754e-02,-3.447335958480834961e-02,1.193381845951080322e-01,3.268896788358688354e-02,1.293750852346420288e-01,6.313118338584899902e-01,-6.072099208831787109e-01,6.130712032318115234e-01,1.643543243408203125e-01,-1.142841950058937073e-01,-9.364014267921447754e-01,7.850719690322875977e-01,3.222904801368713379e-01,-4.428507089614868164e-01
3.907606378197669983e-02,2.115704677999019623e-02,8.135022521018981934e-01,-8.436007425189018250e-03,9.334103763103485107e-02,7.985147237777709961e-01,5.946347713470458984e-01,-3.151630749925971031e-03,1.806175410747528076e-01,5.550961494445800781e-01,2.570423781871795654e-01,6.847440451383590698e-02,-4.777319356799125671e-02,-4.799737781286239624e-02,-3.460658788681030273e-01,-7.691224813461303711e-01,4.766612127423286438e-02,-5.927476659417152405e-02,1.190905496478080750e-01,3.210975229740142822e-02,1.555834710597991943e-01,6.156649589538574219e-01,-6.087833642959594727e-01,6.820369362831115723e-01,1.722674965858459473e-01,-1.140786632895469666e-01,-9.535492658615112305e-01,7.673098444938659668e-01,3.434318304061889648e-01,-4.416247904300689697e-01
5.091143772006034851e-02,3.088033385574817657e-02,8.148824572563171387e-01,-2.588771050795912743e-03,9.640200436115264893e-02,7.825114727020263672e-01,6.151224970817565918e-01,-3.111765347421169281e-02,1.553543359041213989e-01,5.322997570037841797e-01,2.633492052555084229e-01,6.049988791346549988e-02,-3.570960834622383118e-02,-5.033879727125167847e-02,-3.279832899570465088e-01,-7.271729707717895508e-01,4.424868151545524597e-02,-7.423329353332519531e-02,1.186585277318954468e-01,3.921115398406982422e-02,1.961197406053543091e-01,6.009742021560668945e-01,-6.051090359687805176e-01,7.429051995277404785e-01,1.922715753316879272e-01,-1.110345348715782166e-01,-9.634796380996704102e-01,7.396747469902038574e-01,3.826446831226348877e-01,-4.411794841289520264e-01
6.392458081245422363e-02,4.084339737892150879e-02,8.160443305969238281e-01,3.372294595465064049e-03,9.849626570940017700e-02,7.636533379554748535e-01,6.380600929260253906e-01,-6.956659257411956787e-02,1.275757104158401489e-01,4.996297657489776611e-01,2.575296163558959961e-01,4.943916201591491699e-02,-2.690613642334938049e-02,-5.176221579313278198e-02,-3.054488003253936768e-01,-6.735419034957885742e-01,3.935251757502555847e-02,-8.541478216648101807e-02,1.195734664797782898e-01,5.846427381038665771e-02,2.363295555114746094e-01,5.844126939773559570e-01,-5.899832844734191895e-01,7.946872115135192871e-01,2.132501751184463501e-01,-1.085930913686752319e-01,-9.610828161239624023e-01,6.971213817596435547e-01,4.464109241962432861e-01,-4.295714497566223145e-01
7.890612632036209106e-02,5.491530150175094604e-02,8.168316483497619629e-01,7.640721742063760757e-03,1.002752706408500671e-01,7.415224313735961914e-01,6.633483171463012695e-01,-1.143998727202415466e-01,1.001395732164382935e-01,4.558551311492919922e-01,2.420065104961395264e-01,4.017065092921257019e-02,-1.660483144223690033e-02,-4.827213659882545471e-02,-2.741407752037048340e-01,-6.108940243721008301e-01,3.004159964621067047e-02,-9.521412849426269531e-02,1.163002327084541321e-01,8.035231381654739380e-02,2.731626331806182861e-01,5.666763186454772949e-01,-5.751891136169433594e-01,8.471099138259887695e-01,2.379302233457565308e-01,-1.089925169944763184e-01,-9.336348772048950195e-01,6.353859305381774902e-01,5.341898798942565918e-01,-4.026965796947479248e-01
9.142179787158966064e-02,6.367096304893493652e-02,8.170726299285888672e-01,1.079264376312494278e-02,9.978804737329483032e-02,7.195532917976379395e-01,6.871454715728759766e-01,-1.599694639444351196e-01,8.085866272449493408e-02,4.065973162651062012e-01,2.215878665447235107e-01,3.534927591681480408e-02,-7.282079663127660751e-03,-4.611253365874290466e-02,-2.432985752820968628e-01,-5.498167276382446289e-01,1.925371587276458740e-02,-9.697949141263961792e-02,1.081205382943153381e-01,1.035161241888999939e-01,2.978528141975402832e-01,5.491867065429687500e-01,-5.671634674072265625e-01,8.938139677047729492e-01,2.666611671447753906e-01,-1.146735325455665588e-01,-8.851857781410217285e-01,5.573993325233459473e-01,6.435204744338989258e-01,-3.716154396533966064e-01
1.055795028805732727e-01,7.441951334476470947e-02,8.168049454689025879e-01,1.216322556138038635e-02,9.884888678789138794e-02,6.970334053039550781e-01,7.100883126258850098e-01,-1.966619193553924561e-01,6.804674863815307617e-02,3.687561750411987305e-01,1.980767846107482910e-01,2.786236628890037537e-02,3.398607717826962471e-03,-4.015551880002021790e-02,-2.079887390136718750e-01,-4.892958700656890869e-01,8.837526664137840271e-03,-9.835003316402435303e-02,9.859942644834518433e-02,1.178904175758361816e-01,3.134956657886505127e-01,5.285015106201171875e-01,-5.718949437141418457e-01,9.344037771224975586e-01,3.017086684703826904e-01,-1.323258131742477417e-01,-8.159996867179870605e-01,4.625701904296875000e-01,7.749733328819274902e-01,-3.376162052154541016e-01
1.140075400471687317e-01,8.050457388162612915e-02,8.158856630325317383e-01,1.197073701769113541e-02,9.606124460697174072e-02,6.779513359069824219e-01,7.287049293518066406e-01,-2.358213663101196289e-01,6.480136513710021973e-02,3.365242779254913330e-01,1.870883852243423462e-01,3.039682656526565552e-02,3.709777956828474998e-03,-3.492012247443199158e-02,-1.784066259860992432e-01,-4.357533454895019531e-01,-2.224885858595371246e-03,-1.001954153180122375e-01,9.048556536436080933e-02,1.410060673952102661e-01,3.150396347045898438e-01,5.141085386276245117e-01,-5.780024528503417969e-01,9.600508809089660645e-01,3.102410137653350830e-01,-1.451483070850372314e-01,-7.726182937622070312e-01,4.144562780857086182e-01,8.533321022987365723e-01,-3.067790269851684570e-01
1.236842498183250427e-01,9.063145518302917480e-02,8.141638040542602539e-01,1.018889155238866806e-02,9.217352420091629028e-02,6.544449925422668457e-01,7.504011988639831543e-01,-2.741996645927429199e-01,6.098612770438194275e-02,3.038810789585113525e-01,1.618511676788330078e-01,3.718344122171401978e-02,4.205883014947175980e-03,-2.688357606530189514e-02,-1.436366438865661621e-01,-3.741169869899749756e-01,-6.701107602566480637e-03,-1.064983233809471130e-01,7.905191183090209961e-02,1.472778022289276123e-01,3.118984401226043701e-01,4.880214631557464600e-01,-5.727638602256774902e-01,9.807819128036499023e-01,2.978702783584594727e-01,-1.561686545610427856e-01,-7.094172835350036621e-01,3.411813080310821533e-01,9.286975860595703125e-01,-2.512964308261871338e-01
1.306836754083633423e-01,9.692390263080596924e-02,8.120903968811035156e-01,1.102080848067998886e-02,8.842343837022781372e-02,6.368649005889892578e-01,7.658087015151977539e-01,-3.001893162727355957e-01,5.385478958487510681e-02,2.823252081871032715e-01,1.486196517944335938e-01,3.988106921315193176e-02,3.875248134136199951e-03,-1.655312255024909973e-02,-1.209431663155555725e-01,-3.255237340927124023e-01,-8.277908898890018463e-03,-1.204556077718734741e-01,7.278008759021759033e-02,1.521217226982116699e-01,2.980805337429046631e-01,4.730883836746215820e-01,-5.790987014770507812e-01,9.883924722671508789e-01,2.915190756320953369e-01,-1.545053571462631226e-01,-6.724915504455566406e-01,3.248523175716400146e-01,9.620404839515686035e-01,-2.282112538814544678e-01
1.387163847684860229e-01,1.058841124176979065e-01,8.097476959228515625e-01,9.210158139467239380e-03,8.278565853834152222e-02,6.169496774673461914e-01,7.825821638107299805e-01,-3.239238262176513672e-01,4.359580576419830322e-02,2.648217082023620605e-01,1.278360784053802490e-01,3.689442202448844910e-02,4.994135349988937378e-03,-3.680495778098702431e-03,-9.113570302724838257e-02,-2.670414447784423828e-01,-8.646628819406032562e-03,-1.289753317832946777e-01,6.870294362306594849e-02,1.484847813844680786e-01,2.694554030895233154e-01,4.570374786853790283e-01,-5.922283530235290527e-01,9.912688732147216797e-01,2.890439331531524658e-01,-1.494198292493820190e-01,-6.149683594703674316e-01,3.244866728782653809e-01,9.932260513305664062e-01,-2.115318626165390015e-01
1.485769301652908325e-01,1.150028333067893982e-01,8.070815205574035645e-01,7.291806396096944809e-03,7.694108784198760986e-02,5.949082970619201660e-01,8.000693917274475098e-01,-3.508233726024627686e-01,3.313617408275604248e-02,2.479905486106872559e-01,1.102499291300773621e-01,3.689143434166908264e-02,4.458329174667596817e-03,1.151580736041069031e-02,-5.901891365647315979e-02,-2.006869912147521973e-01,-9.589087218046188354e-03,-1.401826888322830200e-01,6.178370490670204163e-02,1.480507552623748779e-01,2.276717424392700195e-01,4.430209100246429443e-01,-6.028961539268493652e-01,9.885585904121398926e-01,2.862975597381591797e-01,-1.353238224983215332e-01,-5.507603883743286133e-01,3.432008028030395508e-01,1.016251564025878906e+00,-2.044091820716857910e-01
1.554004698991775513e-01,1.217909380793571472e-01,8.040085434913635254e-01,4.635429941117763519e-03,6.925284117460250854e-02,5.730620026588439941e-01,8.165674805641174316e-01,-3.776564002037048340e-01,2.936313673853874207e-02,2.308311909437179565e-01,8.946322649717330933e-02,4.293178394436836243e-02,-5.791859235614538193e-03,2.573243342339992523e-02,-2.808259427547454834e-02,-1.321899890899658203e-01,-8.842910639941692352e-03,-1.514686942100524902e-01,5.510890483856201172e-02,1.448195725679397583e-01,1.791389286518096924e-01,4.372791647911071777e-01,-6.187854409217834473e-01,9.723619818687438965e-01,2.819522321224212646e-01,-1.197835728526115417e-01,-4.978236258029937744e-01,3.758261203765869141e-01,1.024862527847290039e+00,-2.111233621835708618e-01
1.670598387718200684e-01,1.390390247106552124e-01,8.008327484130859375e-01,6.144662853330373764e-03,6.638878583908081055e-02,5.380376577377319336e-01,8.402798771858215332e-01,-3.729216754436492920e-01,2.005000598728656769e-02,2.591467499732971191e-01,6.532623618841171265e-02,1.649828068912029266e-02,-1.047099754214286804e-02,4.930509254336357117e-02,-7.348456885665655136e-03,-4.149834066629409790e-02,1.188518130220472813e-03,-1.853449791669845581e-01,5.857346579432487488e-02,1.674393564462661743e-01,1.252823173999786377e-01,4.345027506351470947e-01,-6.311832070350646973e-01,9.173553586006164551e-01,2.735285460948944092e-01,-9.171942621469497681e-02,-4.548504352569580078e-01,4.214711189270019531e-01,1.025994181632995605e+00,-2.343230098485946655e-01
1.742187142372131348e-01,1.482867151498794556e-01,7.984964847564697266e-01,3.402579110115766525e-03,6.170786544680595398e-02,5.174211859703063965e-01,8.534962534904479980e-01,-3.836006820201873779e-01,2.906597964465618134e-02,2.558938264846801758e-01,5.322861671447753906e-02,1.808322034776210785e-02,-1.588937640190124512e-02,6.427946686744689941e-02,1.349214743822813034e-02,1.979045756161212921e-02,4.004874732345342636e-03,-1.949902623891830444e-01,5.344209820032119751e-02,1.756207197904586792e-01,6.458019465208053589e-02,4.512371122837066650e-01,-6.378477215766906738e-01,8.701757192611694336e-01,2.574358880519866943e-01,-6.448554247617721558e-02,-4.339240193367004395e-01,4.627258479595184326e-01,1.025461912155151367e+00,-2.545683681964874268e-01
1.831463873386383057e-01,1.590596139430999756e-01,7.961305975914001465e-01,7.340257525356719270e-06,5.483102425932884216e-02,4.970830976963043213e-01,8.659687638282775879e-01,-3.918613791465759277e-01,3.751827776432037354e-02,2.550492882728576660e-01,3.344752267003059387e-02,1.103234197944402695e-02,-2.309081144630908966e-02,8.739423006772994995e-02,3.829159587621688843e-02,8.557288348674774170e-02,6.643246393650770187e-03,-2.017479389905929565e-01,4.705614596605300903e-02,1.671338379383087158e-01,-1.194265484809875488e-02,4.750896096229553223e-01,-6.432942152023315430e-01,8.086755275726318359e-01,2.492215186357498169e-01,-3.664320707321166992e-02,-4.127748012542724609e-01,5.048196911811828613e-01,1.020471096038818359e+00,-2.800388634204864502e-01
1.921434849500656128e-01,1.718314141035079956e-01,7.945705652236938477e-01,-3.773649455979466438e-03,5.080314725637435913e-02,4.761332273483276367e-01,8.778963088989257812e-01,-3.879255354404449463e-01,5.348101258277893066e-02,2.652713954448699951e-01,1.851369813084602356e-02,1.182005833834409714e-02,-3.265948966145515442e-02,1.069595590233802795e-01,5.610519275069236755e-02,1.438778340816497803e-01,1.158797182142734528e-02,-2.020965367555618286e-01,4.870167374610900879e-02,1.536360383033752441e-01,-8.971850574016571045e-02,5.089947581291198730e-01,-6.424854397773742676e-01,7.367001175880432129e-01,2.345474660396575928e-01,-1.573124155402183533e-02,-4.055015742778778076e-01,5.436112880706787109e-01,1.013626575469970703e+00,-3.073925971984863281e-01
1.986109912395477295e-01,1.840955615043640137e-01,7.935194373130798340e-01,-6.587074138224124908e-03,4.587121680378913879e-02,4.615211188793182373e-01,8.859180212020874023e-01,-3.762003779411315918e-01,6.970737874507904053e-02,2.784926891326904297e-01,1.081006880849599838e-02,2.072394266724586487e-02,-4.370278492569923401e-02,1.257599592208862305e-01,6.883676350116729736e-02,1.975518912076950073e-01,2.203117869794368744e-02,-2.030308246612548828e-01,4.962515458464622498e-02,1.362580060958862305e-01,-1.792297363281250000e-01,5.564106106758117676e-01,-6.248341798782348633e-01,6.668357253074645996e-01,2.169564366340637207e-01,4.947022534906864166e-03,-4.080741107463836670e-01,5.704242587089538574e-01,1.017120361328125000e+00,-3.259502649307250977e-01
2.067164480686187744e-01,1.929251104593276978e-01,7.935441732406616211e-01,-7.464568596333265305e-03,4.119614511728286743e-02,4.472205042839050293e-01,8.934433460235595703e-01,-3.559478819370269775e-01,8.714699745178222656e-02,2.859099805355072021e-01,1.171754766255617142e-02,3.746150434017181396e-02,-5.293009430170059204e-02,1.404885351657867432e-01,8.226231485605239868e-02,2.659682929515838623e-01,3.691908717155456543e-02,-1.930163800716400146e-01,6.150310486555099487e-02,1.141437366604804993e-01,-2.646098434925079346e-01,6.066121459007263184e-01,-6.020774841308593750e-01,6.169638633728027344e-01,2.079938203096389771e-01,1.926950924098491669e-02,-4.176834225654602051e-01,5.794760584831237793e-01,1.026052474975585938e+00,-3.268845379352569580e-01
2.110257893800735474e-01,2.068676352500915527e-01,7.948827743530273438e-01,-1.117363572120666504e-02,3.801569342613220215e-02,4.365130662918090820e-01,8.988249301910400391e-01,-3.313021659851074219e-01,1.062493249773979187e-01,3.071667551994323730e-01,1.054665353149175644e-02,4.435357451438903809e-02,-5.935655534267425537e-02,1.499749869108200073e-01,8.986716717481613159e-02,3.125801086425781250e-01,5.589728429913520813e-02,-1.678456813097000122e-01,8.444069325923919678e-02,8.585134893655776978e-02,-3.523728847503662109e-01,6.578337550163269043e-01,-5.741829872131347656e-01,5.891814827919006348e-01,2.025796771049499512e-01,3.054158017039299011e-02,-4.401893019676208496e-01,5.777217745780944824e-01,1.042497396469116211e+00,-3.238159418106079102e-01
2.174070030450820923e-01,2.234531939029693604e-01,7.974128723144531250e-01,-1.543050538748502731e-02,3.849906101822853088e-02,4.241619110107421875e-01,9.046360254287719727e-01,-3.062372207641601562e-01,1.223572343587875366e-01,3.225297033786773682e-01,1.141890697181224823e-02,3.258148580789566040e-02,-5.806773900985717773e-02,1.524788737297058105e-01,9.219062328338623047e-02,3.222436904907226562e-01,7.810517400503158569e-02,-1.223147734999656677e-01,1.151883825659751892e-01,6.000217050313949585e-02,-4.334628283977508545e-01,7.024065256118774414e-01,-5.500806570053100586e-01,5.801225304603576660e-01,2.043326050043106079e-01,3.949801251292228699e-02,-4.596096575260162354e-01,5.702875852584838867e-01,1.055414676666259766e+00,-3.090282976627349854e-01
2.261429280042648315e-01,2.434185892343521118e-01,8.005645275115966797e-01,-2.264349348843097687e-02,4.042891412973403931e-02,4.191789925098419189e-01,9.067203402519226074e-01,-2.843039333820343018e-01,1.334966421127319336e-01,3.447500169277191162e-01,1.507426798343658447e-02,-7.045459933578968048e-03,-4.964891076087951660e-02,1.491443663835525513e-01,1.022630929946899414e-01,3.320540189743041992e-01,1.110766604542732239e-01,-4.804368689656257629e-02,1.684355288743972778e-01,2.799589000642299652e-02,-4.911464154720306396e-01,7.375538349151611328e-01,-5.523567199707031250e-01,5.864804387092590332e-01,2.129256129264831543e-01,4.873957857489585876e-02,-4.746139049530029297e-01,5.562747716903686523e-01,1.062039852142333984e+00,-2.904039919376373291e-01
2.386799454689025879e-01,2.586492002010345459e-01,8.050541877746582031e-01,-3.097875602543354034e-02,4.345817491412162781e-02,4.279490709304809570e-01,9.022257328033447266e-01,-2.719358503818511963e-01,1.416551917791366577e-01,3.285542428493499756e-01,6.831630133092403412e-03,-2.367574721574783325e-02,-3.621373698115348816e-02,1.155173256993293762e-01,1.275311410427093506e-01,2.712127864360809326e-01,1.894323378801345825e-01,5.624218285083770752e-02,2.330698519945144653e-01,-1.929673366248607635e-02,-5.468340516090393066e-01,7.645150423049926758e-01,-5.524007678031921387e-01,5.965131521224975586e-01,2.178246527910232544e-01,5.109151825308799744e-02,-4.928013384342193604e-01,5.470555424690246582e-01,1.078159332275390625e+00,-2.829373478889465332e-01
2.504314184188842773e-01,2.720557153224945068e-01,8.079469203948974609e-01,-3.651516884565353394e-02,4.544163122773170471e-02,4.302905201911926270e-01,9.008061885833740234e-01,-2.564437687397003174e-01,1.501362919807434082e-01,3.332560956478118896e-01,7.961304858326911926e-03,-4.699734225869178772e-02,-3.346015512943267822e-02,1.004468277096748352e-01,1.518194228410720825e-01,2.261804938316345215e-01,2.365677952766418457e-01,1.454310566186904907e-01,2.617905437946319580e-01,-4.502527788281440735e-02,-5.908797383308410645e-01,7.884501218795776367e-01,-5.535944104194641113e-01,6.167419552803039551e-01,2.289739996194839478e-01,5.219091102480888367e-02,-4.985363185405731201e-01,5.354903340339660645e-01,1.087773561477661133e+00,-2.769458889961242676e-01
2.655251622200012207e-01,2.841998636722564697e-01,8.111294507980346680e-01,-4.389560595154762268e-02,4.510296508669853210e-02,4.303612411022186279e-01,9.004599452018737793e-01,-2.355201393365859985e-01,1.714863181114196777e-01,3.379490077495574951e-01,9.142724797129631042e-03,-7.012944668531417847e-02,-3.440184146165847778e-02,8.099966496229171753e-02,1.795116215944290161e-01,1.612414121627807617e-01,2.932949960231781006e-01,2.290439903736114502e-01,2.617999911308288574e-01,-6.025314703583717346e-02,-6.246055960655212402e-01,8.095430731773376465e-01,-5.605251193046569824e-01,6.397851109504699707e-01,2.444086223840713501e-01,5.847908183932304382e-02,-4.939509630203247070e-01,5.254270434379577637e-01,1.095982551574707031e+00,-2.700518369674682617e-01
2.846597433090209961e-01,3.003462851047515869e-01,8.156173825263977051e-01,-5.410252884030342102e-02,4.643077403306961060e-02,4.338680803775787354e-01,8.981512188911437988e-01,-2.127343863248825073e-01,1.949209719896316528e-01,3.348452448844909668e-01,4.242643713951110840e-03,-9.568029642105102539e-02,-3.046403639018535614e-02,3.519894555211067200e-02,1.967213898897171021e-01,7.268805801868438721e-02,3.927587270736694336e-01,3.090208470821380615e-01,2.617999911308288574e-01,-8.409300446510314941e-02,-6.722639799118041992e-01,8.235978484153747559e-01,-5.701166987419128418e-01,6.768637895584106445e-01,2.528499364852905273e-01,6.565197557210922241e-02,-4.762437641620635986e-01,5.191962122917175293e-01,1.111272931098937988e+00,-2.615135312080383301e-01
2.916800081729888916e-01,3.168129324913024902e-01,8.195703625679016113e-01,-6.380774825811386108e-02,4.279882833361625671e-02,4.394444227218627930e-01,8.949779272079467773e-01,-1.902583390474319458e-01,2.070240825414657593e-01,3.281365334987640381e-01,-2.667773514986038208e-03,-1.167972907423973083e-01,-2.113042026758193970e-02,-1.122037600725889206e-02,1.815408617258071899e-01,-9.269848465919494629e-03,4.916770458221435547e-01,3.568269312381744385e-01,2.617999911308288574e-01,-9.072942286729812622e-02,-7.118084430694580078e-01,8.315239548683166504e-01,-5.691995024681091309e-01,7.092205882072448730e-01,2.640915811061859131e-01,7.658213376998901367e-02,-4.542488753795623779e-01,5.124394297599792480e-01,1.130741953849792480e+00,-2.682883441448211670e-01
2.937372624874114990e-01,3.351104855537414551e-01,8.229265213012695312e-01,-7.143178582191467285e-02,4.014829918742179871e-02,4.474427700042724609e-01,8.905507326126098633e-01,-1.703712046146392822e-01,2.047084271907806396e-01,3.107389509677886963e-01,-1.197950914502143860e-02,-1.371375173330307007e-01,-6.532385013997554779e-03,-6.528779864311218262e-02,1.488700658082962036e-01,-7.790243625640869141e-02,5.873947739601135254e-01,3.696065545082092285e-01,2.617999911308288574e-01,-1.039298772811889648e-01,-7.478834986686706543e-01,8.243448734283447266e-01,-5.881730914115905762e-01,7.337067723274230957e-01,2.721752524375915527e-01,9.443338215351104736e-02,-4.343870580196380615e-01,5.021876096725463867e-01,1.147545218467712402e+00,-2.698301970958709717e-01
2.921161949634552002e-01,3.497993648052215576e-01,8.253352642059326172e-01,-7.435853779315948486e-02,3.556382656097412109e-02,4.609138071537017822e-01,8.836087584495544434e-01,-1.532185375690460205e-01,1.916341632604598999e-01,2.848123610019683838e-01,-1.824478991329669952e-02,-1.481997668743133545e-01,3.461089450865983963e-03,-1.087905913591384888e-01,1.088785901665687561e-01,-9.995170682668685913e-02,6.555299162864685059e-01,3.333289325237274170e-01,2.617999911308288574e-01,-1.202606409788131714e-01,-7.578096389770507812e-01,8.066825866699218750e-01,-6.138029098510742188e-01,7.429466247558593750e-01,2.704306244850158691e-01,1.158035919070243835e-01,-4.142568707466125488e-01,5.037960410118103027e-01,1.152530908584594727e+00,-2.779227793216705322e-01
2.869089245796203613e-01,3.645460307598114014e-01,8.272359967231750488e-01,-7.438359409570693970e-02,3.063839115202426910e-02,4.730977118015289307e-01,8.773294091224670410e-01,-1.352892965078353882e-01,1.709284931421279907e-01,2.627072334289550781e-01,-1.979044452309608459e-02,-1.598973870277404785e-01,1.455751247704029083e-02,-1.421061456203460693e-01,6.370127201080322266e-02,-1.139342933893203735e-01,6.906259655952453613e-01,2.789858579635620117e-01,2.613245844841003418e-01,-1.303718984127044678e-01,-7.502003312110900879e-01,7.881337404251098633e-01,-6.306878328323364258e-01,7.474082708358764648e-01,2.660043239593505859e-01,1.362447887659072876e-01,-3.968718349933624268e-01,5.087324380874633789e-01,1.151883959770202637e+00,-2.822693884372711182e-01
2.891014218330383301e-01,3.743762969970703125e-01,8.285135626792907715e-01,-7.286021113395690918e-02,2.636243030428886414e-02,4.880766868591308594e-01,8.693546652793884277e-01,-1.206856966018676758e-01,1.589773446321487427e-01,2.295873016119003296e-01,-1.771143078804016113e-02,-1.639306545257568359e-01,1.463949587196111679e-02,-1.760308891534805298e-01,2.262321859598159790e-02,-1.359350085258483887e-01,6.752930283546447754e-01,2.312486022710800171e-01,2.242587655782699585e-01,-1.413610279560089111e-01,-7.252192497253417969e-01,7.593086957931518555e-01,-6.575242877006530762e-01,7.474526166915893555e-01,2.775479853153228760e-01,1.621653288602828979e-01,-3.848360776901245117e-01,5.183632373809814453e-01,1.138453841209411621e+00,-2.969071269035339355e-01
2.910291552543640137e-01,3.850418925285339355e-01,8.289783000946044922e-01,-7.115261256694793701e-02,2.323498763144016266e-02,5.040804147720336914e-01,8.604071140289306641e-01,-1.083048507571220398e-01,1.450393497943878174e-01,2.013209462165832520e-01,-1.262519415467977524e-02,-1.708690077066421509e-01,8.950576186180114746e-03,-1.970089077949523926e-01,-4.666395485401153564e-03,-1.469862908124923706e-01,6.111648678779602051e-01,1.894022375345230103e-01,1.916227936744689941e-01,-1.396900713443756104e-01,-6.870522499084472656e-01,7.361901998519897461e-01,-6.732576489448547363e-01,7.428359985351562500e-01,2.923294603824615479e-01,1.820660680532455444e-01,-3.728448450565338135e-01,5.270386934280395508e-01,1.122806310653686523e+00,-3.067987263202667236e-01
2.942647039890289307e-01,3.942270874977111816e-01,8.288328051567077637e-01,-6.654142588376998901e-02,2.303202822804450989e-02,5.312683582305908203e-01,8.442723155021667480e-01,-1.016578748822212219e-01,1.183584928512573242e-01,1.479953229427337646e-01,-1.515323668718338013e-02,-1.655951142311096191e-01,6.832861807197332382e-03,-2.166107743978500366e-01,-3.517048060894012451e-02,-1.396201252937316895e-01,5.350046753883361816e-01,1.585152298212051392e-01,1.810356676578521729e-01,-1.512048244476318359e-01,-6.188805699348449707e-01,7.038724422454833984e-01,-6.925920248031616211e-01,7.239988446235656738e-01,3.041006624698638916e-01,1.987027376890182495e-01,-3.718886375427246094e-01,5.272890329360961914e-01,1.100957989692687988e+00,-3.090111911296844482e-01
3.005658686161041260e-01,4.018868803977966309e-01,8.275574445724487305e-01,-6.224408745765686035e-02,2.357296459376811981e-02,5.574614405632019043e-01,8.275305032730102539e-01,-9.933337569236755371e-02,9.827845543622970581e-02,9.575330466032028198e-02,-9.037946350872516632e-03,-1.655400544404983521e-01,-1.358647597953677177e-03,-2.324532717466354370e-01,-4.687996581196784973e-02,-1.037424132227897644e-01,4.372844994068145752e-01,1.437669843435287476e-01,1.818435341119766235e-01,-1.524937152862548828e-01,-5.432643890380859375e-01,6.723131537437438965e-01,-7.091295123100280762e-01,7.112922072410583496e-01,3.129805922508239746e-01,2.125253081321716309e-01,-3.645673692226409912e-01,5.330355167388916016e-01,1.082450747489929199e+00,-3.052995800971984863e-01
3.052238225936889648e-01,4.052836596965789795e-01,8.265672326087951660e-01,-5.724897235631942749e-02,2.424085326492786407e-02,5.795540213584899902e-01,8.125589489936828613e-01,-9.856351464986801147e-02,8.009758591651916504e-02,5.572513863444328308e-02,-7.679771166294813156e-03,-1.601553857326507568e-01,-9.890256449580192566e-03,-2.408169060945510864e-01,-5.911689624190330505e-02,-7.772051542997360229e-02,3.732776939868927002e-01,1.313862651586532593e-01,1.893808990716934204e-01,-1.547525525093078613e-01,-4.635729789733886719e-01,6.457507014274597168e-01,-7.196655273437500000e-01,7.027027010917663574e-01,3.209269046783447266e-01,2.224677503108978271e-01,-3.637370467185974121e-01,5.442145466804504395e-01,1.063367605209350586e+00,-3.127026557922363281e-01
3.098524510860443115e-01,4.089759290218353271e-01,8.246892094612121582e-01,-5.206187814474105835e-02,2.592091448605060577e-02,6.098310947418212891e-01,7.903946638107299805e-01,-1.042301282286643982e-01,5.418611690402030945e-02,-9.659043513238430023e-03,-3.500562859699130058e-03,-1.516201198101043701e-01,-1.458159275352954865e-02,-2.536664605140686035e-01,-7.384077459573745728e-02,-2.422442287206649780e-02,2.874466180801391602e-01,1.286824494600296021e-01,2.043842077255249023e-01,-1.521800458431243896e-01,-3.614297509193420410e-01,6.123025417327880859e-01,-7.526845932006835938e-01,7.085360884666442871e-01,3.432945013046264648e-01,2.322317957878112793e-01,-3.697900176048278809e-01,5.583660006523132324e-01,1.044322609901428223e+00,-3.122395873069763184e-01
3.139768540859222412e-01,4.182024598121643066e-01,8.221879601478576660e-01,-4.366608336567878723e-02,1.939983293414115906e-02,6.521643400192260742e-01,7.565702795982360840e-01,-8.766176551580429077e-02,2.500642091035842896e-02,-1.060744151473045349e-01,4.090862814337015152e-03,-1.612443476915359497e-01,-2.297979779541492462e-02,-2.190901190042495728e-01,-8.888336271047592163e-02,4.182324185967445374e-02,1.633344441652297974e-01,1.236540973186492920e-01,2.288894206285476685e-01,-1.561546772718429565e-01,-2.316919267177581787e-01,5.747439265251159668e-01,-7.878726720809936523e-01,7.350946068763732910e-01,3.716543018817901611e-01,2.584887742996215820e-01,-3.874651193618774414e-01,5.770514607429504395e-01,1.001917839050292969e+00,-2.945120930671691895e-01
3.233553171157836914e-01,4.230341911315917969e-01,8.207404017448425293e-01,-3.854054212570190430e-02,2.127526327967643738e-02,6.819435358047485352e-01,7.300787568092346191e-01,-8.806939423084259033e-02,7.549443747848272324e-03,-1.732472628355026245e-01,5.424388684332370758e-03,-1.572023183107376099e-01,-3.664122521877288818e-02,-2.175915092229843140e-01,-9.771165996789932251e-02,9.648204594850540161e-02,1.204567253589630127e-01,9.694308042526245117e-02,2.418333888053894043e-01,-1.426704823970794678e-01,-1.299383938312530518e-01,5.635355114936828613e-01,-8.231709599494934082e-01,7.646280527114868164e-01,3.891350328922271729e-01,2.642419338226318359e-01,-4.096421599388122559e-01,6.016741394996643066e-01,9.707157611846923828e-01,-2.894486486911773682e-01
3.284326493740081787e-01,4.280231297016143799e-01,8.199833631515502930e-01,-3.764374181628227234e-02,2.248676307499408722e-02,6.998856067657470703e-01,7.129077315330505371e-01,-8.740506321191787720e-02,6.364168366417288780e-04,-2.101254910230636597e-01,2.509653335437178612e-03,-1.577633023262023926e-01,-5.217180028557777405e-02,-2.139644771814346313e-01,-1.092367246747016907e-01,1.093497052788734436e-01,1.016414985060691833e-01,7.471577823162078857e-02,2.465378642082214355e-01,-1.299150437116622925e-01,-4.174845293164253235e-02,5.557146668434143066e-01,-8.318867683410644531e-01,7.844869494438171387e-01,4.104616940021514893e-01,2.705659866333007812e-01,-4.290032982826232910e-01,6.128281354904174805e-01,9.384098649024963379e-01,-2.873391211032867432e-01
3.347337245941162109e-01,4.338198006153106689e-01,8.195310831069946289e-01,-3.685006126761436462e-02,2.411211095750331879e-02,7.164086103439331055e-01,6.962897181510925293e-01,-8.711749315261840820e-02,-3.609843784943223000e-03,-2.406707406044006348e-01,1.441005966626107693e-03,-1.560719311237335205e-01,-6.817514449357986450e-02,-2.024429589509963989e-01,-1.225786730647087097e-01,8.419052511453628540e-02,8.682299405336380005e-02,5.583224818110466003e-02,2.445910722017288208e-01,-9.505417943000793457e-02,3.859565034508705139e-02,5.591917634010314941e-01,-8.281412124633789062e-01,8.065097928047180176e-01,4.320076704025268555e-01,2.702524662017822266e-01,-4.570668339729309082e-01,6.188136935234069824e-01,9.037739038467407227e-01,-2.855351865291595459e-01
3.392248451709747314e-01,4.396845102310180664e-01,8.195331692695617676e-01,-3.772985935211181641e-02,2.549858577549457550e-02,7.300227284431457520e-01,6.819040179252624512e-01,-8.821960538625717163e-02,-5.092226900160312653e-03,-2.623878419399261475e-01,2.668702800292521715e-04,-1.546152383089065552e-01,-8.352722227573394775e-02,-1.881251931190490723e-01,-1.315625905990600586e-01,6.172209605574607849e-02,7.919005304574966431e-02,4.191045090556144714e-02,2.392003387212753296e-01,-7.006528228521347046e-02,1.046505942940711975e-01,5.598838925361633301e-01,-8.153788447380065918e-01,8.190106749534606934e-01,4.420416653156280518e-01,2.653456628322601318e-01,-4.801129400730133057e-01,6.187052130699157715e-01,8.676202893257141113e-01,-2.771816551685333252e-01
3.448190391063690186e-01,4.462577700614929199e-01,8.196391463279724121e-01,-3.861613571643829346e-02,2.888227067887783051e-02,7.429614067077636719e-01,6.675948500633239746e-01,-9.253095090389251709e-02,-8.223654702305793762e-03,-2.848221659660339355e-01,7.327033090405166149e-04,-1.498957872390747070e-01,-9.632648527622222900e-02,-1.687062531709671021e-01,-1.421248912811279297e-01,1.858426071703433990e-02,6.665407866239547729e-02,2.031894028186798096e-02,2.312739044427871704e-01,-2.760052308440208435e-02,1.662229299545288086e-01,5.731834173202514648e-01,-7.929145097732543945e-01,8.216368556022644043e-01,4.411554038524627686e-01,2.553420066833496094e-01,-5.156708955764770508e-01,6.176024079322814941e-01,8.320426940917968750e-01,-2.704105675220489502e-01
3.533582687377929688e-01,4.531062841415405273e-01,8.197178840637207031e-01,-3.906185179948806763e-02,3.311008587479591370e-02,7.559543848037719727e-01,6.526184678077697754e-01,-9.761687368154525757e-02,-8.545426651835441589e-03,-3.039033114910125732e-01,4.218037429382093251e-05,-1.437301337718963623e-01,-1.130307912826538086e-01,-1.499395072460174561e-01,-1.490560919046401978e-01,-2.910052612423896790e-02,5.709212645888328552e-02,-7.292460650205612183e-03,2.202977389097213745e-01,1.328237820416688919e-02,2.154079228639602661e-01,5.898034572601318359e-01,-7.620181441307067871e-01,8.000148534774780273e-01,4.225276112556457520e-01,2.420335561037063599e-01,-5.565006136894226074e-01,6.111956834793090820e-01,7.858904600143432617e-01,-2.659131586551666260e-01
3.630867898464202881e-01,4.532525241374969482e-01,8.209235668182373047e-01,-4.061110690236091614e-02,3.873028978705406189e-02,7.665764093399047852e-01,6.396962404251098633e-01,-1.146889254450798035e-01,-1.063674408942461014e-02,-3.114710748195648193e-01,-8.675566874444484711e-03,-1.112938299775123596e-01,-1.385120302438735962e-01,-1.533655673265457153e-01,-1.544155031442642212e-01,-6.680290400981903076e-02,5.569514259696006775e-02,-1.372494082897901535e-02,2.047182321548461914e-01,5.692899972200393677e-02,2.358362972736358643e-01,6.071490049362182617e-01,-7.292231321334838867e-01,7.772961854934692383e-01,3.890728056430816650e-01,2.128615975379943848e-01,-5.891853570938110352e-01,6.045116782188415527e-01,7.588995099067687988e-01,-2.576569914817810059e-01
3.686929047107696533e-01,4.564736485481262207e-01,8.208498954772949219e-01,-4.249985143542289734e-02,4.046405106782913208e-02,7.786904573440551758e-01,6.246579885482788086e-01,-1.242008283734321594e-01,-9.259347803890705109e-03,-3.183983862400054932e-01,-1.218088995665311813e-02,-9.904716908931732178e-02,-1.640368551015853882e-01,-1.428249478340148926e-01,-1.575297862291336060e-01,-1.078914999961853027e-01,5.424693971872329712e-02,-2.974810078740119934e-02,1.923441439867019653e-01,8.971769362688064575e-02,2.500150203704833984e-01,6.209560632705688477e-01,-7.036738395690917969e-01,7.475156188011169434e-01,3.620350956916809082e-01,1.804062277078628540e-01,-6.186401844024658203e-01,5.942915678024291992e-01,7.424402832984924316e-01,-2.502838373184204102e-01
3.796340525150299072e-01,4.592662751674652100e-01,8.203139901161193848e-01,-4.311164841055870056e-02,4.267609491944313049e-02,7.926908135414123535e-01,6.065981984138488770e-01,-1.388901919126510620e-01,-6.089983973652124405e-03,-3.317350149154663086e-01,-1.023703068494796753e-02,-8.572035282850265503e-02,-1.943430602550506592e-01,-1.304868161678314209e-01,-1.574137508869171143e-01,-1.572774350643157959e-01,5.164162069559097290e-02,-5.370713770389556885e-02,1.770702451467514038e-01,1.301535964012145996e-01,2.513980567455291748e-01,6.345884203910827637e-01,-6.730175614356994629e-01,7.089466452598571777e-01,3.322240710258483887e-01,1.421507596969604492e-01,-6.486940383911132812e-01,5.830904245376586914e-01,7.348111271858215332e-01,-2.468203455209732056e-01
3.857166469097137451e-01,4.584801793098449707e-01,8.194621801376342773e-01,-4.435303807258605957e-02,4.226211085915565491e-02,8.058865666389465332e-01,5.888917446136474609e-01,-1.548481732606887817e-01,-5.070240236818790436e-03,-3.368736207485198975e-01,-8.204205892980098724e-03,-7.570291310548782349e-02,-2.198636531829833984e-01,-1.212192475795745850e-01,-1.581970006227493286e-01,-1.987983882427215576e-01,5.057842284440994263e-02,-6.866383552551269531e-02,1.662651747465133667e-01,1.572404950857162476e-01,2.439053058624267578e-01,6.408829092979431152e-01,-6.483465433120727539e-01,6.705054044723510742e-01,2.929564416408538818e-01,9.787990152835845947e-02,-6.730362772941589355e-01,5.656124353408813477e-01,7.355786561965942383e-01,-2.389095276594161987e-01
3.943890929222106934e-01,4.599161446094512939e-01,8.184249997138977051e-01,-4.597996920347213745e-02,4.285490512847900391e-02,8.206387162208557129e-01,5.679801106452941895e-01,-1.724330484867095947e-01,-1.965150469914078712e-03,-3.360090851783752441e-01,-8.129899390041828156e-03,-6.092116236686706543e-02,-2.523761391639709473e-01,-1.090315952897071838e-01,-1.573914736509323120e-01,-2.506050467491149902e-01,4.688639566302299500e-02,-8.867932111024856567e-02,1.538496613502502441e-01,1.905334740877151489e-01,2.249035835266113281e-01,6.446068882942199707e-01,-6.142323017120361328e-01,6.318829059600830078e-01,2.465333938598632812e-01,4.305048659443855286e-02,-6.984994411468505859e-01,5.367171168327331543e-01,7.393192648887634277e-01,-2.286500483751296997e-01
4.036629498004913330e-01,4.634583592414855957e-01,8.178095221519470215e-01,-4.608004540205001831e-02,4.349501803517341614e-02,8.379853367805480957e-01,5.420013070106506348e-01,-1.869880259037017822e-01,-8.841787464916706085e-03,-3.213483691215515137e-01,-6.789874285459518433e-03,-3.525277599692344666e-02,-2.617988288402557373e-01,-8.948552608489990234e-02,-1.580433100461959839e-01,-3.140037357807159424e-01,4.580260068178176880e-02,-1.135046631097793579e-01,1.410170495510101318e-01,2.304806262254714966e-01,1.846914589405059814e-01,6.393112540245056152e-01,-5.596072673797607422e-01,5.878660082817077637e-01,1.978587806224822998e-01,-2.032142505049705505e-02,-7.190352678298950195e-01,4.868864715099334717e-01,7.633371949195861816e-01,-2.233990430831909180e-01
4.088706374168395996e-01,4.631914794445037842e-01,8.173102140426635742e-01,-4.913352802395820618e-02,4.486356675624847412e-02,8.514404892921447754e-01,5.202136635780334473e-01,-2.091447412967681885e-01,-7.795703131705522537e-03,-2.903704941272735596e-01,-9.747684933245182037e-03,-9.085162542760372162e-03,-2.617999911308288574e-01,-8.513410389423370361e-02,-1.605296432971954346e-01,-3.558341562747955322e-01,4.572939127683639526e-02,-1.248551011085510254e-01,1.293981075286865234e-01,2.484018802642822266e-01,1.644187867641448975e-01,6.333978772163391113e-01,-5.364810228347778320e-01,5.527914166450500488e-01,1.497117727994918823e-01,-7.092530280351638794e-02,-7.380925416946411133e-01,4.508861899375915527e-01,7.927279472351074219e-01,-2.244920283555984497e-01
4.191083014011383057e-01,4.646269083023071289e-01,8.170301914215087891e-01,-5.175518617033958435e-02,4.563466086983680725e-02,8.674505352973937988e-01,4.927154183387756348e-01,-2.349021732807159424e-01,8.462599478662014008e-03,-2.231907397508621216e-01,-1.260006707161664963e-02,2.603252232074737549e-02,-2.617999911308288574e-01,-7.606185972690582275e-02,-1.575085967779159546e-01,-4.144761562347412109e-01,4.364090785384178162e-02,-1.363637000322341919e-01,1.175857707858085632e-01,2.679775357246398926e-01,1.415387392044067383e-01,6.223018765449523926e-01,-5.123807787895202637e-01,5.052165389060974121e-01,9.992250800132751465e-02,-1.224751099944114685e-01,-7.537056207656860352e-01,4.124524593353271484e-01,8.314526081085205078e-01,-2.291555553674697876e-01
4.339790642261505127e-01,4.677166342735290527e-01,8.169746398925781250e-01,-5.446186289191246033e-02,4.748192802071571350e-02,8.833357691764831543e-01,4.631385803222656250e-01,-2.627586126327514648e-01,5.792520567774772644e-02,-1.216442584991455078e-01,-1.630110852420330048e-02,5.665438994765281677e-02,-2.614861428737640381e-01,-7.093667984008789062e-02,-1.499920636415481567e-01,-4.696023166179656982e-01,4.048427566885948181e-02,-1.497255116701126099e-01,9.467104077339172363e-02,2.816545367240905762e-01,1.237316727638244629e-01,6.120113730430603027e-01,-4.992744624614715576e-01,4.506664872169494629e-01,5.171155929565429688e-02,-1.704857647418975830e-01,-7.639701366424560547e-01,3.884593844413757324e-01,8.648064732551574707e-01,-2.364997714757919312e-01
4.490308761596679688e-01,4.669138193130493164e-01,8.178597688674926758e-01,-5.596008896827697754e-02,5.071891471743583679e-02,8.985251784324645996e-01,4.323755502700805664e-01,-2.787635028362274170e-01,9.411690384149551392e-02,5.450552795082330704e-03,-2.306883409619331360e-02,7.148542255163192749e-02,-2.158197164535522461e-01,-6.978613138198852539e-02,-1.495333462953567505e-01,-5.294234156608581543e-01,3.339710086584091187e-02,-1.539949923753738403e-01,7.912380248308181763e-02,2.863624095916748047e-01,1.118858382105827332e-01,5.983814597129821777e-01,-4.891228675842285156e-01,4.007655382156372070e-01,4.540993832051753998e-03,-2.152872234582901001e-01,-7.656875252723693848e-01,3.694751858711242676e-01,8.971703648567199707e-01,-2.376906722784042358e-01
4.577118456363677979e-01,4.638016521930694580e-01,8.193775415420532227e-01,-5.696093291044235229e-02,5.411266908049583435e-02,9.106843471527099609e-01,4.055629372596740723e-01,-2.798812389373779297e-01,1.140556335449218750e-01,1.143716722726821899e-01,-2.575435489416122437e-02,5.795208737254142761e-02,-1.591012924909591675e-01,-7.088164985179901123e-02,-1.595052182674407959e-01,-5.752810835838317871e-01,3.149256855249404907e-02,-1.513638347387313843e-01,6.843822449445724487e-02,2.877114713191986084e-01,1.007184013724327087e-01,5.860155820846557617e-01,-4.888494014739990234e-01,3.549588024616241455e-01,-2.387697249650955200e-02,-2.656929492950439453e-01,-7.615367770195007324e-01,3.600087165832519531e-01,9.279686212539672852e-01,-2.407002002000808716e-01
4.658484756946563721e-01,4.593227207660675049e-01,8.207063078880310059e-01,-5.642047524452209473e-02,5.656398832798004150e-02,9.181182384490966797e-01,3.881702721118927002e-01,-2.781494557857513428e-01,1.252387464046478271e-01,1.755398660898208618e-01,-1.832340098917484283e-02,4.171431437134742737e-02,-1.322694271802902222e-01,-7.281095534563064575e-02,-1.665029823780059814e-01,-6.039345860481262207e-01,2.528553083539009094e-02,-1.415214091539382935e-01,6.567442417144775391e-02,2.882004380226135254e-01,9.146681427955627441e-02,5.709435343742370605e-01,-4.813668429851531982e-01,3.166943192481994629e-01,-6.009304150938987732e-02,-3.052933514118194580e-01,-7.556890249252319336e-01,3.588306605815887451e-01,9.471875429153442383e-01,-2.437380701303482056e-01
4.731054902076721191e-01,4.583564102649688721e-01,8.219092488288879395e-01,-5.736986175179481506e-02,6.047984212636947632e-02,9.260452389717102051e-01,3.680911660194396973e-01,-2.732417285442352295e-01,1.315359026193618774e-01,2.267799824476242065e-01,-4.213558044284582138e-03,2.453370392322540283e-02,-1.233888640999794006e-01,-7.236395776271820068e-02,-1.734354048967361450e-01,-6.365308165550231934e-01,1.727876439690589905e-02,-1.344020068645477295e-01,6.172630935907363892e-02,2.884418666362762451e-01,8.222883194684982300e-02,5.587685108184814453e-01,-4.792626202106475830e-01,2.794829308986663818e-01,-8.102991431951522827e-02,-3.452043533325195312e-01,-7.363207340240478516e-01,3.462082743644714355e-01,9.595569372177124023e-01,-2.430661618709564209e-01
4.811666011810302734e-01,4.578571617603302002e-01,8.231076002120971680e-01,-5.598226934671401978e-02,6.448323279619216919e-02,9.320811629295349121e-01,3.520406484603881836e-01,-2.645368874073028564e-01,1.331694573163986206e-01,2.441682219505310059e-01,2.529225498437881470e-02,9.924863465130329132e-03,-1.122114509344100952e-01,-6.895630806684494019e-02,-1.784560978412628174e-01,-6.574771404266357422e-01,6.000897381454706192e-03,-1.293805092573165894e-01,5.639898404479026794e-02,2.894509136676788330e-01,6.711665540933609009e-02,5.415711402893066406e-01,-4.737609624862670898e-01,2.348251640796661377e-01,-9.534759074449539185e-02,-3.883104324340820312e-01,-7.166736125946044922e-01,3.164328634738922119e-01,9.627634882926940918e-01,-2.208404093980789185e-01
4.858519136905670166e-01,4.561355412006378174e-01,8.243761062622070312e-01,-5.546934157609939575e-02,6.662757694721221924e-02,9.370184540748596191e-01,3.383493721485137939e-01,-2.532788813114166260e-01,1.370722949504852295e-01,2.639690935611724854e-01,5.899033695459365845e-02,2.357497578486800194e-03,-1.081228107213973999e-01,-6.574261188507080078e-02,-1.836922764778137207e-01,-6.774677038192749023e-01,-2.461241558194160461e-03,-1.210105866193771362e-01,5.291358754038810730e-02,2.919641137123107910e-01,5.493773519992828369e-02,5.286446213722229004e-01,-4.741512238979339600e-01,1.992290318012237549e-01,-9.936712682247161865e-02,-4.321665167808532715e-01,-7.060295939445495605e-01,3.105401992797851562e-01,9.683548808097839355e-01,-2.209168374538421631e-01
4.875964224338531494e-01,4.540894925594329834e-01,8.256999254226684570e-01,-5.452654510736465454e-02,6.699176132678985596e-02,9.414640069007873535e-01,3.258595466613769531e-01,-2.364627569913864136e-01,1.400532275438308716e-01,2.810306549072265625e-01,9.359109401702880859e-02,-5.697545595467090607e-03,-1.015277132391929626e-01,-5.883521586656570435e-02,-1.889360547065734863e-01,-6.946873068809509277e-01,-8.276173844933509827e-03,-1.118794083595275879e-01,4.687581956386566162e-02,2.932138741016387939e-01,3.871807083487510681e-02,5.157296657562255859e-01,-4.859408140182495117e-01,1.713095456361770630e-01,-9.707640111446380615e-02,-4.787844419479370117e-01,-6.947512626647949219e-01,3.207703828811645508e-01,9.669323563575744629e-01,-2.231548130512237549e-01
4.892618954181671143e-01,4.536928236484527588e-01,8.268872499465942383e-01,-5.466987192630767822e-02,6.881020218133926392e-02,9.451945424079895020e-01,3.144576847553253174e-01,-2.270616143941879272e-01,1.435548067092895508e-01,2.952484786510467529e-01,1.242535933852195740e-01,-1.407005917280912399e-02,-9.572585672140121460e-02,-5.469030514359474182e-02,-1.942377686500549316e-01,-7.089577913284301758e-01,-1.355925202369689941e-02,-1.044675335288047791e-01,4.277253150939941406e-02,2.874702811241149902e-01,2.687141671776771545e-02,5.074812173843383789e-01,-4.940091967582702637e-01,1.575061529874801636e-01,-1.016104817390441895e-01,-5.123171806335449219e-01,-6.837712526321411133e-01,3.233241736888885498e-01,9.723832607269287109e-01,-2.154800891876220703e-01
4.915552139282226562e-01,4.526395201683044434e-01,8.280689716339111328e-01,-5.350808426737785339e-02,7.123623788356781006e-02,9.490659236907958984e-01,3.022186458110809326e-01,-2.085659652948379517e-01,1.468346714973449707e-01,3.099542558193206787e-01,1.591135710477828979e-01,-2.570603415369987488e-02,-9.183618426322937012e-02,-4.908917099237442017e-02,-2.027119845151901245e-01,-7.262220382690429688e-01,-1.804044470191001892e-02,-9.991618245840072632e-02,4.040252417325973511e-02,2.832081913948059082e-01,9.014855138957500458e-03,5.010347962379455566e-01,-5.030642747879028320e-01,1.433648169040679932e-01,-9.856841713190078735e-02,-5.528405904769897461e-01,-6.760023832321166992e-01,3.223915696144104004e-01,9.758235216140747070e-01,-2.118341773748397827e-01
4.947713613510131836e-01,4.495090246200561523e-01,8.288386464118957520e-01,-5.156075954437255859e-02,7.200825214385986328e-02,9.518653750419616699e-01,2.934426069259643555e-01,-1.894952356815338135e-01,1.467176377773284912e-01,3.186376690864562988e-01,1.824219375848770142e-01,-3.509837016463279724e-02,-8.702627569437026978e-02,-4.610717669129371643e-02,-2.092051208019256592e-01,-7.371720075607299805e-01,-2.081981673836708069e-02,-9.361959248781204224e-02,3.698763623833656311e-02,2.847796678543090820e-01,-9.885964915156364441e-03,4.978590607643127441e-01,-5.098562240600585938e-01,1.259015649557113647e-01,-9.603039920330047607e-02,-5.914815664291381836e-01,-6.656617522239685059e-01,3.413218259811401367e-01,9.872915148735046387e-01,-2.200345844030380249e-01
4.942117929458618164e-01,4.442330002784729004e-01,8.293303847312927246e-01,-5.181575939059257507e-02,7.010026276111602783e-02,9.545090198516845703e-01,2.851553857326507568e-01,-1.642912328243255615e-01,1.450912207365036011e-01,3.241339325904846191e-01,1.863016635179519653e-01,-5.106953904032707214e-02,-7.742960005998611450e-02,-4.482578858733177185e-02,-2.151673883199691772e-01,-7.462512254714965820e-01,-2.005870640277862549e-02,-8.255990594625473022e-02,3.633988648653030396e-02,2.849644124507904053e-01,-2.814915962517261505e-02,4.962987899780273438e-01,-5.158014297485351562e-01,1.042102947831153870e-01,-1.015725433826446533e-01,-6.228901147842407227e-01,-6.547018885612487793e-01,3.789973556995391846e-01,9.858520030975341797e-01,-2.365639507770538330e-01
4.907058775424957275e-01,4.409703910350799561e-01,8.297438025474548340e-01,-5.349431559443473816e-02,6.761892139911651611e-02,9.577227234840393066e-01,2.744690179824829102e-01,-1.412483006715774536e-01,1.406395137310028076e-01,3.324575424194335938e-01,1.840127110481262207e-01,-6.449246406555175781e-02,-7.163017243146896362e-02,-3.886341303586959839e-02,-2.188734561204910278e-01,-7.567964792251586914e-01,-2.095505595207214355e-02,-7.118346542119979858e-02,3.673069551587104797e-02,2.748846411705017090e-01,-4.680420085787773132e-02,4.966272413730621338e-01,-5.180743932723999023e-01,8.372472971677780151e-02,-1.106165200471878052e-01,-6.362056136131286621e-01,-6.326444745063781738e-01,3.942146003246307373e-01,9.918551445007324219e-01,-2.393415421247482300e-01
4.922085404396057129e-01,4.356443881988525391e-01,8.299399018287658691e-01,-5.368403717875480652e-02,6.534653902053833008e-02,9.600312113761901855e-01,2.668106853961944580e-01,-1.242820397019386292e-01,1.367208808660507202e-01,3.357457518577575684e-01,1.729051917791366577e-01,-7.835812866687774658e-02,-6.485654413700103760e-02,-3.895309939980506897e-02,-2.217466682195663452e-01,-7.668787837028503418e-01,-2.226882614195346832e-02,-5.845111608505249023e-02,3.758255764842033386e-02,2.697682082653045654e-01,-6.202936917543411255e-02,5.035535097122192383e-01,-5.211288928985595703e-01,6.845737248659133911e-02,-1.285730302333831787e-01,-6.369457840919494629e-01,-6.132277250289916992e-01,4.217707514762878418e-01,9.938768744468688965e-01,-2.475048303604125977e-01
4.891755878925323486e-01,4.313118159770965576e-01,8.299199938774108887e-01,-5.634477734565734863e-02,6.163812056183815002e-02,9.624051451683044434e-01,2.584614753723144531e-01,-1.037169471383094788e-01,1.261898130178451538e-01,3.329882025718688965e-01,1.490418314933776855e-01,-9.520623832941055298e-02,-5.786437541246414185e-02,-3.673075139522552490e-02,-2.222032099962234497e-01,-7.758014798164367676e-01,-2.321442030370235443e-02,-4.582404345273971558e-02,4.029275104403495789e-02,2.631691098213195801e-01,-8.320583403110504150e-02,5.127527117729187012e-01,-5.241668224334716797e-01,4.787204042077064514e-02,-1.396830081939697266e-01,-6.258938908576965332e-01,-5.890198945999145508e-01,4.502424895763397217e-01,9.918928742408752441e-01,-2.550420463085174561e-01
4.898915588855743408e-01,4.248709678649902344e-01,8.298019766807556152e-01,-5.741351470351219177e-02,5.751210823655128479e-02,9.646077156066894531e-01,2.508545219898223877e-01,-8.741050213575363159e-02,1.161658316850662231e-01,3.225092589855194092e-01,1.168587878346443176e-01,-1.098183244466781616e-01,-5.093339458107948303e-02,-3.728041052818298340e-02,-2.221383750438690186e-01,-7.811723947525024414e-01,-2.542374841868877411e-02,-2.870135009288787842e-02,4.162636026740074158e-02,2.570288479328155518e-01,-1.033815294504165649e-01,5.224008560180664062e-01,-5.267450213432312012e-01,2.581887692213058472e-02,-1.566592901945114136e-01,-6.062179803848266602e-01,-5.646044611930847168e-01,4.768726527690887451e-01,9.974682927131652832e-01,-2.639441192150115967e-01
4.941153228282928467e-01,4.192861318588256836e-01,8.296219110488891602e-01,-5.674858763813972473e-02,5.338018015027046204e-02,9.664260745048522949e-01,2.448484301567077637e-01,-7.169847935438156128e-02,1.064174771308898926e-01,3.026644885540008545e-01,7.539069652557373047e-02,-1.205649599432945251e-01,-4.736242443323135376e-02,-3.807349875569343567e-02,-2.184132188558578491e-01,-7.847046852111816406e-01,-2.956544235348701477e-02,-1.297036278992891312e-02,4.292031005024909973e-02,2.536288201808929443e-01,-1.275940537452697754e-01,5.247485637664794922e-01,-5.124017000198364258e-01,-6.647292524576187134e-03,-1.821398586034774780e-01,-5.617167949676513672e-01,-5.344437360763549805e-01,5.011761784553527832e-01,1.007340192794799805e+00,-2.723674476146697998e-01
4.955046474933624268e-01,4.110022485256195068e-01,8.298107981681823730e-01,-5.508644506335258484e-02,4.961635172367095947e-02,9.678380489349365234e-01,2.404022812843322754e-01,-6.408663839101791382e-02,9.709201008081436157e-02,2.868202030658721924e-01,5.185513943433761597e-02,-1.258557736873626709e-01,-4.300327226519584656e-02,-3.751115873456001282e-02,-2.225197106599807739e-01,-7.837748527526855469e-01,-3.013133816421031952e-02,4.528690129518508911e-03,4.589527472853660583e-02,2.522331178188323975e-01,-1.391969919204711914e-01,5.287812352180480957e-01,-4.990837574005126953e-01,-3.792219236493110657e-02,-2.049369663000106812e-01,-5.242637991905212402e-01,-5.078996419906616211e-01,5.176146626472473145e-01,1.013102889060974121e+00,-2.806261181831359863e-01
4.948075115680694580e-01,4.016971886157989502e-01,8.301547169685363770e-01,-5.479399859905242920e-02,4.516059160232543945e-02,9.690499901771545410e-01,2.364322841167449951e-01,-5.903848633170127869e-02,8.953575044870376587e-02,2.796220481395721436e-01,3.216889873147010803e-02,-1.301038265228271484e-01,-3.905317559838294983e-02,-3.876185417175292969e-02,-2.280176728963851929e-01,-7.826890349388122559e-01,-2.812352590262889862e-02,2.542399428784847260e-02,5.250546336174011230e-02,2.513159513473510742e-01,-1.478242427110671997e-01,5.298629403114318848e-01,-4.792885780334472656e-01,-7.911433279514312744e-02,-2.292455434799194336e-01,-4.784399867057800293e-01,-4.805630445480346680e-01,5.307556390762329102e-01,1.020146846771240234e+00,-2.877404689788818359e-01
4.926479756832122803e-01,3.920755386352539062e-01,8.306667804718017578e-01,-5.586649104952812195e-02,3.987642750144004822e-02,9.708055257797241211e-01,2.298378348350524902e-01,-5.554699525237083435e-02,8.255312591791152954e-02,2.740951776504516602e-01,1.150366663932800293e-02,-1.327828764915466309e-01,-3.704385086894035339e-02,-4.075326025485992432e-02,-2.355968207120895386e-01,-7.907941937446594238e-01,-1.969028636813163757e-02,4.621217027306556702e-02,5.506803467869758606e-02,2.543761134147644043e-01,-1.561687737703323364e-01,5.265367627143859863e-01,-4.463182091712951660e-01,-1.349643021821975708e-01,-2.540352344512939453e-01,-4.100001752376556396e-01,-4.430618882179260254e-01,5.436230897903442383e-01,1.021901726722717285e+00,-2.929816246032714844e-01
4.915959239006042480e-01,3.801631927490234375e-01,8.315210342407226562e-01,-5.652715265750885010e-02,3.411606326699256897e-02,9.720741510391235352e-01,2.251945286989212036e-01,-5.247600749135017395e-02,7.542495429515838623e-02,2.719217240810394287e-01,-1.173480413854122162e-02,-1.270396709442138672e-01,-3.295171260833740234e-02,-4.541193321347236633e-02,-2.450469732284545898e-01,-7.899411320686340332e-01,-1.414940413087606430e-02,7.828104496002197266e-02,6.038678064942359924e-02,2.548257410526275635e-01,-1.461450159549713135e-01,5.234394669532775879e-01,-3.879268467426300049e-01,-2.276979088783264160e-01,-3.324853777885437012e-01,-3.318796753883361816e-01,-4.121859669685363770e-01,5.374045372009277344e-01,1.010443091392517090e+00,-2.741372883319854736e-01
4.884838163852691650e-01,3.731938600540161133e-01,8.320197463035583496e-01,-5.999605730175971985e-02,2.962799556553363800e-02,9.734249114990234375e-01,2.190127670764923096e-01,-5.445345491170883179e-02,7.201702147722244263e-02,2.776316404342651367e-01,-2.254655398428440094e-02,-1.305834203958511353e-01,-3.414384648203849792e-02,-4.906218498945236206e-02,-2.479555308818817139e-01,-8.068532347679138184e-01,-6.278563290834426880e-03,9.345370531082153320e-02,6.422884762287139893e-02,2.566145360469818115e-01,-1.454184502363204956e-01,5.041046738624572754e-01,-3.420942723751068115e-01,-2.849002480506896973e-01,-3.947811722755432129e-01,-2.659824788570404053e-01,-3.893044292926788330e-01,5.262511372566223145e-01,1.010213375091552734e+00,-2.335166037082672119e-01
4.870533049106597900e-01,3.613848090171813965e-01,8.325477242469787598e-01,-6.090414896607398987e-02,2.506796643137931824e-02,9.734952449798583984e-01,2.190189659595489502e-01,-5.380534753203392029e-02,6.496336311101913452e-02,2.801592350006103516e-01,-3.670094534754753113e-02,-1.290355771780014038e-01,-3.192341700196266174e-02,-5.924383550882339478e-02,-2.594539225101470947e-01,-7.958806157112121582e-01,3.341244533658027649e-03,1.226455867290496826e-01,7.643523812294006348e-02,2.479020804166793823e-01,-1.517582982778549194e-01,5.324642062187194824e-01,-2.782935798168182373e-01,-4.087155759334564209e-01,-4.679082036018371582e-01,-2.092939019203186035e-01,-3.796372115612030029e-01,5.152398943901062012e-01,9.785710573196411133e-01,-1.907055974006652832e-01
4.856340885162353516e-01,3.553412556648254395e-01,8.328321576118469238e-01,-6.189981102943420410e-02,2.134458720684051514e-02,9.743401408195495605e-01,2.153465300798416138e-01,-5.543448030948638916e-02,6.256341189146041870e-02,2.815131247043609619e-01,-3.865621611475944519e-02,-1.350665837526321411e-01,-3.567584231495857239e-02,-6.403560191392898560e-02,-2.622738480567932129e-01,-7.913681268692016602e-01,1.376300305128097534e-02,1.321059614419937134e-01,7.903379946947097778e-02,2.429033368825912476e-01,-1.658482700586318970e-01,5.495467782020568848e-01,-2.297979593276977539e-01,-4.788274466991424561e-01,-4.940798282623291016e-01,-1.692046821117401123e-01,-3.702462911605834961e-01,5.080028772354125977e-01,9.597914814949035645e-01,-1.567917466163635254e-01
4.813475608825683594e-01,3.489752113819122314e-01,8.333801031112670898e-01,-6.644867360591888428e-02,1.704389974474906921e-02,9.750340580940246582e-01,2.111934274435043335e-01,-5.986716970801353455e-02,6.122676655650138855e-02,2.871727347373962402e-01,-4.450249299407005310e-02,-1.387689113616943359e-01,-3.905136510729789734e-02,-7.285977900028228760e-02,-2.666651010513305664e-01,-7.917323112487792969e-01,2.554983273148536682e-02,1.448142528533935547e-01,8.423846215009689331e-02,2.399481534957885742e-01,-1.947055310010910034e-01,5.554856657981872559e-01,-1.636047065258026123e-01,-5.521153211593627930e-01,-5.158843994140625000e-01,-1.216752156615257263e-01,-3.730678260326385498e-01,5.016130805015563965e-01,9.297511577606201172e-01,-1.179427877068519592e-01
4.834360778331756592e-01,3.385664820671081543e-01,8.335990309715270996e-01,-6.882470101118087769e-02,1.288670767098665237e-02,9.750036597251892090e-01,2.108670473098754883e-01,-6.926780194044113159e-02,5.866803973913192749e-02,2.895093560218811035e-01,-5.296502634882926941e-02,-1.345461457967758179e-01,-3.503746539354324341e-02,-9.257994592189788818e-02,-2.734702527523040771e-01,-7.692942023277282715e-01,3.594982624053955078e-02,1.626038402318954468e-01,9.285603463649749756e-02,2.279133200645446777e-01,-2.197770178318023682e-01,5.849167108535766602e-01,-8.520382642745971680e-02,-6.224412918090820312e-01,-5.200468301773071289e-01,-8.578445762395858765e-02,-3.865691721439361572e-01,4.937674999237060547e-01,8.727001547813415527e-01,-7.108111679553985596e-02
4.836452901363372803e-01,3.335497677326202393e-01,8.336114287376403809e-01,-6.991404294967651367e-02,9.420826099812984467e-03,9.756404161453247070e-01,2.077235132455825806e-01,-7.475762069225311279e-02,5.869802832603454590e-02,2.879855632781982422e-01,-5.053131654858589172e-02,-1.392129212617874146e-01,-3.400070592761039734e-02,-1.008447259664535522e-01,-2.714413404464721680e-01,-7.501894235610961914e-01,4.397974535822868347e-02,1.522579491138458252e-01,9.701184183359146118e-02,2.141922861337661743e-01,-2.552648782730102539e-01,6.215746402740478516e-01,-3.214944899082183838e-02,-6.465157866477966309e-01,-4.916511178016662598e-01,-6.877530366182327271e-02,-3.979419171810150146e-01,4.841401576995849609e-01,8.365474343299865723e-01,-3.822388127446174622e-02
4.829867184162139893e-01,3.294864296913146973e-01,8.336544632911682129e-01,-7.575938850641250610e-02,5.653920117765665054e-03,9.763004779815673828e-01,2.026472985744476318e-01,-8.824631571769714355e-02,6.181647256016731262e-02,2.859725654125213623e-01,-5.288689583539962769e-02,-1.391466110944747925e-01,-3.200732916593551636e-02,-1.193630769848823547e-01,-2.668864130973815918e-01,-7.076968550682067871e-01,4.771121218800544739e-02,1.281444430351257324e-01,1.072965934872627258e-01,1.989170163869857788e-01,-2.657874226570129395e-01,6.439099311828613281e-01,-2.499383990652859211e-04,-6.471178531646728516e-01,-4.671049118041992188e-01,-5.445870384573936462e-02,-4.086770713329315186e-01,4.850525557994842529e-01,7.992044091224670410e-01,-1.885473914444446564e-02
4.836238920688629150e-01,3.265465199947357178e-01,8.337332010269165039e-01,-8.230490982532501221e-02,3.930384293198585510e-03,9.768681526184082031e-01,1.973299235105514526e-01,-1.050520837306976318e-01,6.271231174468994141e-02,2.788710594177246094e-01,-5.830388888716697693e-02,-1.314771324396133423e-01,-2.638147026300430298e-02,-1.466263532638549805e-01,-2.662872970104217529e-01,-6.387917995452880859e-01,5.739428848028182983e-02,9.380447119474411011e-02,1.183933317661285400e-01,1.830046772956848145e-01,-2.675875127315521240e-01,6.674912571907043457e-01,1.826838776469230652e-02,-6.301637291908264160e-01,-4.365063309669494629e-01,-5.089637637138366699e-02,-4.230961501598358154e-01,4.970599710941314697e-01,7.561424970626831055e-01,-1.249038614332675934e-02
4.826468229293823242e-01,3.273060023784637451e-01,8.336178064346313477e-01,-8.918181061744689941e-02,1.912650535814464092e-03,9.775547981262207031e-01,1.908652186393737793e-01,-1.202071905136108398e-01,6.732181459665298462e-02,2.701738774776458740e-01,-5.759875103831291199e-02,-1.330213695764541626e-01,-2.398743852972984314e-02,-1.615860164165496826e-01,-2.616503238677978516e-01,-5.988427400588989258e-01,5.956707149744033813e-02,6.431445479393005371e-02,1.230237185955047607e-01,1.714878529310226440e-01,-2.306776791810989380e-01,6.851732134819030762e-01,4.567849449813365936e-03,-5.797775387763977051e-01,-3.937131762504577637e-01,-5.271713063120841980e-02,-4.233604371547698975e-01,5.120514035224914551e-01,7.311525344848632812e-01,-2.340832538902759552e-02
4.850460886955261230e-01,3.299499154090881348e-01,8.337481617927551270e-01,-9.520567953586578369e-02,8.222932810895144939e-04,9.781432747840881348e-01,1.848538368940353394e-01,-1.382857412099838257e-01,7.435576617717742920e-02,2.534705102443695068e-01,-5.733617395162582397e-02,-1.275353729724884033e-01,-1.809721440076828003e-02,-1.737616062164306641e-01,-2.555446922779083252e-01,-5.524202585220336914e-01,6.872860342264175415e-02,4.076676815748214722e-02,1.195186078548431396e-01,1.569160521030426025e-01,-1.963493525981903076e-01,7.116785049438476562e-01,-1.650807633996009827e-02,-4.962074458599090576e-01,-3.363125026226043701e-01,-5.708649754524230957e-02,-4.214888215065002441e-01,5.300446152687072754e-01,6.997683048248291016e-01,-2.717639319598674774e-02
4.859037399291992188e-01,3.303048908710479736e-01,8.340936899185180664e-01,-1.015080288052558899e-01,-2.361074788495898247e-03,9.785690307617187500e-01,1.791457682847976685e-01,-1.560837626457214355e-01,8.269244432449340820e-02,2.427798509597778320e-01,-5.522828176617622375e-02,-1.244137510657310486e-01,-1.465185265988111496e-02,-1.830622106790542603e-01,-2.466873973608016968e-01,-5.071444511413574219e-01,7.950595766305923462e-02,1.785113476216793060e-02,1.158615127205848694e-01,1.436471343040466309e-01,-1.686256229877471924e-01,7.099115848541259766e-01,-4.380663856863975525e-02,-4.040573835372924805e-01,-3.011533915996551514e-01,-6.329411268234252930e-02,-4.190859794616699219e-01,5.568625926971435547e-01,6.715444922447204590e-01,-3.210554644465446472e-02
4.898965060710906982e-01,3.305749893188476562e-01,8.346634507179260254e-01,-1.090672984719276428e-01,-5.572243127971887589e-03,9.785431027412414551e-01,1.747188419103622437e-01,-1.776632368564605713e-01,9.315095096826553345e-02,2.347950041294097900e-01,-6.098089739680290222e-02,-1.108616292476654053e-01,-1.181180216372013092e-02,-1.939432919025421143e-01,-2.384511381387710571e-01,-4.667619764804840088e-01,9.756426513195037842e-02,-8.398167119594290853e-05,1.069770231842994690e-01,1.241521090269088745e-01,-1.630733311176300049e-01,6.979827880859375000e-01,-9.586381167173385620e-02,-1.995311230421066284e-01,-2.855857610702514648e-01,-7.931463420391082764e-02,-4.158175885677337646e-01,5.953988432884216309e-01,6.575879454612731934e-01,-2.095977030694484711e-02
4.931870698928833008e-01,3.301713168621063232e-01,8.346692919731140137e-01,-1.127632111310958862e-01,-8.752457797527313232e-03,9.789324402809143066e-01,1.699972748756408691e-01,-1.936792731285095215e-01,1.004458591341972351e-01,2.287277728319168091e-01,-5.618818104267120361e-02,-1.085457876324653625e-01,-1.155283022671937943e-02,-1.909272968769073486e-01,-2.223542183637619019e-01,-4.385758042335510254e-01,1.007987409830093384e-01,-2.274772524833679199e-02,1.027521193027496338e-01,1.166267320513725281e-01,-1.633789986371994019e-01,6.701449155807495117e-01,-1.368317008018493652e-01,-7.221497595310211182e-02,-2.956172525882720947e-01,-1.005394235253334045e-01,-4.082382917404174805e-01,6.197360157966613770e-01,6.506324410438537598e-01,-1.093906816095113754e-02
4.959320127964019775e-01,3.278613388538360596e-01,8.351162075996398926e-01,-1.203448846936225891e-01,-1.335711311548948288e-02,9.783525466918945312e-01,1.678242385387420654e-01,-2.151343971490859985e-01,1.112016290426254272e-01,2.313137799501419067e-01,-5.816286057233810425e-02,-9.848251193761825562e-02,-1.125285122543573380e-02,-1.915392279624938965e-01,-2.089160680770874023e-01,-4.121667444705963135e-01,1.121123582124710083e-01,-3.654652088880538940e-02,9.532228857278823853e-02,1.062575802206993103e-01,-1.830267757177352905e-01,6.187194585800170898e-01,-2.246039360761642456e-01,1.651767641305923462e-01,-3.114005625247955322e-01,-1.386890560388565063e-01,-3.905094265937805176e-01,6.651543974876403809e-01,6.617606282234191895e-01,-1.371429767459630966e-03
4.986883699893951416e-01,3.257046341896057129e-01,8.348651528358459473e-01,-1.273219883441925049e-01,-1.795462146401405334e-02,9.777622222900390625e-01,1.656738817691802979e-01,-2.355458736419677734e-01,1.212092861533164978e-01,2.315327078104019165e-01,-5.831893160939216614e-02,-9.447485953569412231e-02,-8.208307437598705292e-03,-1.902836561203002930e-01,-1.876535713672637939e-01,-3.909450471401214600e-01,1.109714582562446594e-01,-4.884396120905876160e-02,9.134270995855331421e-02,9.844853729009628296e-02,-2.170949131250381470e-01,5.437166690826416016e-01,-3.146659433841705322e-01,4.235559999942779541e-01,-3.203849196434020996e-01,-1.820717304944992065e-01,-3.673060834407806396e-01,7.191491723060607910e-01,6.822878718376159668e-01,8.293157443404197693e-03
4.993704259395599365e-01,3.216983973979949951e-01,8.345976471900939941e-01,-1.347880065441131592e-01,-2.299039252102375031e-02,9.768155813217163086e-01,1.647267639636993408e-01,-2.539676427841186523e-01,1.294248402118682861e-01,2.368768006563186646e-01,-5.915905535221099854e-02,-9.307830780744552612e-02,-6.704133469611406326e-03,-1.912099719047546387e-01,-1.685309410095214844e-01,-3.777476847171783447e-01,1.083960756659507751e-01,-5.439700558781623840e-02,8.447028696537017822e-02,8.887918293476104736e-02,-2.546873986721038818e-01,4.398769438266754150e-01,-4.007781744003295898e-01,6.948641538619995117e-01,-3.175154030323028564e-01,-2.225156426429748535e-01,-3.321886658668518066e-01,7.825843095779418945e-01,7.196885943412780762e-01,1.544853486120700836e-02
5.038121342658996582e-01,3.203706443309783936e-01,8.340345025062561035e-01,-1.414899080991744995e-01,-2.509127743542194366e-02,9.755731821060180664e-01,1.661564111709594727e-01,-2.740440070629119873e-01,1.376381665468215942e-01,2.438593655824661255e-01,-6.115913018584251404e-02,-8.492762595415115356e-02,-1.156385708600282669e-02,-1.992167830467224121e-01,-1.506042629480361938e-01,-3.660393953323364258e-01,9.041861444711685181e-02,-5.201134458184242249e-02,8.251032978296279907e-02,8.093287795782089233e-02,-2.821731865406036377e-01,3.223808109760284424e-01,-4.812873005867004395e-01,9.338450431823730469e-01,-3.079236745834350586e-01,-2.569085955619812012e-01,-2.885021269321441650e-01,8.533160686492919922e-01,7.680855989456176758e-01,2.436305209994316101e-02
5.044969320297241211e-01,3.213351666927337646e-01,8.333081007003784180e-01,-1.470348536968231201e-01,-2.592949196696281433e-02,9.742048382759094238e-01,1.692139655351638794e-01,-2.862581014633178711e-01,1.454225182533264160e-01,2.512912452220916748e-01,-5.891196057200431824e-02,-8.701962232589721680e-02,-1.501518581062555313e-02,-2.044990658760070801e-01,-1.340492069721221924e-01,-3.480994403362274170e-01,7.285693287849426270e-02,-5.662685632705688477e-02,8.268896490335464478e-02,7.092843949794769287e-02,-2.848074436187744141e-01,2.487705349922180176e-01,-5.211594104766845703e-01,1.060615420341491699e+00,-2.987010478973388672e-01,-2.695737183094024658e-01,-2.638077139854431152e-01,8.949741721153259277e-01,8.005721569061279297e-01,3.359499573707580566e-02
5.003699064254760742e-01,3.293130397796630859e-01,8.313854336738586426e-01,-1.510907113552093506e-01,-2.442546561360359192e-02,9.731576442718505859e-01,1.718697547912597656e-01,-2.911723852157592773e-01,1.555923521518707275e-01,2.668062448501586914e-01,-3.948292508721351624e-02,-1.130591481924057007e-01,-3.053090535104274750e-02,-1.908429563045501709e-01,-1.136714518070220947e-01,-3.586460351943969727e-01,4.271369054913520813e-02,-8.197759836912155151e-02,9.157326072454452515e-02,6.669870018959045410e-02,-2.829414010047912598e-01,1.587135493755340576e-01,-5.495524406433105469e-01,1.189085245132446289e+00,-2.906055152416229248e-01,-2.860283255577087402e-01,-2.291187942028045654e-01,9.445300698280334473e-01,8.480042815208435059e-01,4.979614540934562683e-02
5.033083558082580566e-01,3.339022994041442871e-01,8.306615352630615234e-01,-1.569592058658599854e-01,-2.218898385763168335e-02,9.710939526557922363e-01,1.784600615501403809e-01,-3.042173087596893311e-01,1.659781187772750854e-01,2.824778258800506592e-01,-3.848506882786750793e-02,-1.089351102709770203e-01,-4.178158193826675415e-02,-2.020818889141082764e-01,-1.028892770409584045e-01,-3.596358299255371094e-01,2.362641878426074982e-02,-8.685478568077087402e-02,9.756877273321151733e-02,5.716643854975700378e-02,-2.793999314308166504e-01,1.067654266953468323e-01,-5.746530890464782715e-01,1.263347625732421875e+00,-2.682269811630249023e-01,-2.858651578426361084e-01,-2.204355895519256592e-01,9.766262173652648926e-01,8.850159049034118652e-01,6.505787372589111328e-02
5.071347355842590332e-01,3.401851654052734375e-01,8.300298452377319336e-01,-1.617753058671951294e-01,-1.895417273044586182e-02,9.694454073905944824e-01,1.834258586168289185e-01,-3.154464960098266602e-01,1.754605919122695923e-01,2.953238189220428467e-01,-3.844379633665084839e-02,-1.032978147268295288e-01,-5.472878739237785339e-02,-2.122450321912765503e-01,-9.368267655372619629e-02,-3.640425503253936768e-01,7.859149016439914703e-03,-9.174478799104690552e-02,1.025886312127113342e-01,4.768406227231025696e-02,-2.700423896312713623e-01,7.442719489336013794e-02,-6.111640930175781250e-01,1.292950987815856934e+00,-2.246293127536773682e-01,-2.774117588996887207e-01,-2.261794656515121460e-01,9.947835206985473633e-01,9.240064024925231934e-01,6.018141657114028931e-02
5.089657902717590332e-01,3.433634936809539795e-01,8.296834230422973633e-01,-1.644762754440307617e-01,-1.657075621187686920e-02,9.677218794822692871e-01,1.902296692132949829e-01,-3.192482590675354004e-01,1.818821132183074951e-01,3.086490035057067871e-01,-3.862784430384635925e-02,-1.009320020675659180e-01,-6.050877645611763000e-02,-2.196557968854904175e-01,-8.856490254402160645e-02,-3.627471923828125000e-01,-2.023920184001326561e-03,-9.167031943798065186e-02,1.095009297132492065e-01,3.483616188168525696e-02,-2.642133235931396484e-01,6.236366927623748779e-02,-6.468152403831481934e-01,1.303893566131591797e+00,-1.716023832559585571e-01,-2.625123858451843262e-01,-2.460795044898986816e-01,9.983238577842712402e-01,9.563230872154235840e-01,5.043709650635719299e-02
5.123361945152282715e-01,3.465364277362823486e-01,8.295477628707885742e-01,-1.626435816287994385e-01,-1.449216157197952271e-02,9.667748212814331055e-01,1.966811418533325195e-01,-3.155713975429534912e-01,1.881441473960876465e-01,3.228163421154022217e-01,-3.666194528341293335e-02,-9.972121566534042358e-02,-6.803295761346817017e-02,-2.202619016170501709e-01,-8.450368791818618774e-02,-3.584778308868408203e-01,-7.925483398139476776e-03,-9.445279091596603394e-02,1.136246323585510254e-01,2.274749986827373505e-02,-2.699559628963470459e-01,7.111618667840957642e-02,-6.741834878921508789e-01,1.301822543144226074e+00,-1.201507002115249634e-01,-2.454536110162734985e-01,-2.754941582679748535e-01,9.938670992851257324e-01,9.754724502563476562e-01,3.364622592926025391e-02
5.186181068420410156e-01,3.481118083000183105e-01,8.296183943748474121e-01,-1.563669890165328979e-01,-1.238525938242673874e-02,9.659402370452880859e-01,2.058043330907821655e-01,-3.074914515018463135e-01,1.943956464529037476e-01,3.404469490051269531e-01,-2.904591336846351624e-02,-9.908537566661834717e-02,-7.211238890886306763e-02,-2.178242206573486328e-01,-8.216026425361633301e-02,-3.525431454181671143e-01,-1.204892247915267944e-02,-9.571459889411926270e-02,1.169080883264541626e-01,3.809689311310648918e-03,-2.860387265682220459e-01,9.619279950857162476e-02,-7.030853629112243652e-01,1.301491618156433105e+00,-6.394430249929428101e-02,-2.207523584365844727e-01,-3.187930583953857422e-01,9.796574711799621582e-01,1.009339570999145508e+00,8.903651498258113861e-03
5.248744487762451172e-01,3.507920503616333008e-01,8.300109505653381348e-01,-1.452889591455459595e-01,-9.150707162916660309e-03,9.657909870147705078e-01,2.146046608686447144e-01,-2.864525020122528076e-01,1.968001127243041992e-01,3.626278936862945557e-01,-2.440503053367137909e-02,-9.619254618883132935e-02,-7.766953110694885254e-02,-2.048079967498779297e-01,-8.334058523178100586e-02,-3.436976373195648193e-01,-1.502320356667041779e-02,-9.986816346645355225e-02,1.225905492901802063e-01,-8.698293939232826233e-03,-3.333432078361511230e-01,1.538148522377014160e-01,-7.164638042449951172e-01,1.294765710830688477e+00,-1.051556318998336792e-03,-1.944537311792373657e-01,-3.781528770923614502e-01,9.574844241142272949e-01,1.031517982482910156e+00,-3.237682580947875977e-02
5.326997041702270508e-01,3.500682115554809570e-01,8.307802677154541016e-01,-1.298825889825820923e-01,-5.738631822168827057e-03,9.650682210922241211e-01,2.274663448333740234e-01,-2.593643665313720703e-01,1.955054849386215210e-01,3.848990201950073242e-01,-1.569967716932296753e-02,-9.378296136856079102e-02,-7.719988375902175903e-02,-1.902546584606170654e-01,-8.904050290584564209e-02,-3.247105181217193604e-01,-1.525235082954168320e-02,-9.712881594896316528e-02,1.328517198562622070e-01,-2.956113032996654510e-02,-4.052283763885498047e-01,2.480215430259704590e-01,-7.530910372734069824e-01,1.281622290611267090e+00,9.094254672527313232e-02,-1.654015481472015381e-01,-4.558122456073760986e-01,9.308261275291442871e-01,1.052574634552001953e+00,-9.648296236991882324e-02
5.313133597373962402e-01,3.496740162372589111e-01,8.317276239395141602e-01,-1.163629069924354553e-01,-2.942599123343825340e-03,9.642292261123657227e-01,2.381448745727539062e-01,-2.280962467193603516e-01,1.903603971004486084e-01,4.037714898586273193e-01,-8.272010745713487267e-06,-1.067541912198066711e-01,-7.420107722282409668e-02,-1.679169088602066040e-01,-9.928990900516510010e-02,-3.029680252075195312e-01,-1.177445799112319946e-02,-1.008321344852447510e-01,1.414831578731536865e-01,-5.062173306941986084e-02,-5.197048187255859375e-01,3.823896348476409912e-01,-7.862516045570373535e-01,1.254949212074279785e+00,1.898400783538818359e-01,-1.357299238443374634e-01,-5.594668984413146973e-01,9.033662080764770508e-01,1.057511687278747559e+00,-1.556354910135269165e-01
5.342802405357360840e-01,3.548234999179840088e-01,8.325489163398742676e-01,-1.092959940433502197e-01,1.014218549244105816e-03,9.631790518760681152e-01,2.456409931182861328e-01,-2.145413160324096680e-01,1.937829107046127319e-01,4.188594818115234375e-01,1.276526879519224167e-02,-1.060467213392257690e-01,-8.079423755407333374e-02,-1.588192433118820190e-01,-9.984140098094940186e-02,-2.933989167213439941e-01,-1.224521640688180923e-02,-1.063196584582328796e-01,1.398466229438781738e-01,-5.813265219330787659e-02,-5.976607203483581543e-01,4.682435989379882812e-01,-7.830610871315002441e-01,1.224428296089172363e+00,2.074565291404724121e-01,-1.149741634726524353e-01,-6.310160756111145020e-01,8.821268677711486816e-01,1.041211366653442383e+00,-1.881886869668960571e-01
5.326747298240661621e-01,3.527971208095550537e-01,8.335802555084228516e-01,-9.856863319873809814e-02,4.748159553855657578e-03,9.605990052223205566e-01,2.598292529582977295e-01,-1.930989325046539307e-01,1.894288808107376099e-01,4.438869059085845947e-01,3.950922563672065735e-02,-1.181490719318389893e-01,-7.329810410737991333e-02,-1.433718949556350708e-01,-1.111733838915824890e-01,-2.680642008781433105e-01,-1.533097866922616959e-02,-1.033652126789093018e-01,1.545970886945724487e-01,-8.184022456407546997e-02,-7.599857449531555176e-01,6.269267797470092773e-01,-8.248820900917053223e-01,1.162815928459167480e+00,2.431706786155700684e-01,-9.460906684398651123e-02,-7.587142586708068848e-01,8.519519567489624023e-01,1.009907245635986328e+00,-2.225633561611175537e-01
5.297566056251525879e-01,3.482643067836761475e-01,8.347737789154052734e-01,-8.576469123363494873e-02,7.681263610720634460e-03,9.581621289253234863e-01,2.729665338993072510e-01,-1.734443008899688721e-01,1.871083825826644897e-01,4.820446968078613281e-01,8.412384986877441406e-02,-1.251981705427169800e-01,-6.230017542839050293e-02,-1.263327300548553467e-01,-1.288287192583084106e-01,-2.519913613796234131e-01,-1.049609668552875519e-02,-1.044759601354598999e-01,1.750075519084930420e-01,-1.122505515813827515e-01,-9.507817625999450684e-01,8.023573160171508789e-01,-8.904141187667846680e-01,1.102156877517700195e+00,3.025884926319122314e-01,-9.203338623046875000e-02,-9.091352224349975586e-01,8.184946775436401367e-01,9.709683060646057129e-01,-2.593671083450317383e-01
5.288336277008056641e-01,3.419360220432281494e-01,8.380928039550781250e-01,-7.498330622911453247e-02,1.117356028407812119e-02,9.564869999885559082e-01,2.817539274692535400e-01,-1.912076771259307861e-01,2.118442803621292114e-01,5.243127942085266113e-01,1.806197166442871094e-01,-9.658310562372207642e-02,-4.029682278633117676e-02,-1.196548566222190857e-01,-1.536486446857452393e-01,-2.371607273817062378e-01,-9.256108663976192474e-03,-7.999457418918609619e-02,1.838691979646682739e-01,-1.434199959039688110e-01,-1.162926673889160156e+00,9.738229513168334961e-01,-1.005143046379089355e+00,1.053195357322692871e+00,3.608753383159637451e-01,-1.035353392362594604e-01,-1.057126283645629883e+00,7.620774507522583008e-01,9.576495885848999023e-01,-2.785903513431549072e-01
5.203372240066528320e-01,3.405755460262298584e-01,8.408499956130981445e-01,-6.354631483554840088e-02,1.661714725196361542e-02,9.541849493980407715e-01,2.919192016124725342e-01,-2.108021974563598633e-01,2.479093372821807861e-01,5.848042368888854980e-01,2.952998578548431396e-01,-8.584975451231002808e-02,-1.182609610259532928e-02,-1.105128452181816101e-01,-1.804146468639373779e-01,-2.080194503068923950e-01,1.618000678718090057e-02,-9.022978693246841431e-02,1.952285319566726685e-01,-1.714920848608016968e-01,-1.438693165779113770e+00,1.108356833457946777e+00,-1.143678903579711914e+00,1.014308810234069824e+00,3.756134808063507080e-01,-1.233491748571395874e-01,-1.207768559455871582e+00,6.856235861778259277e-01,9.459952712059020996e-01,-2.862809598445892334e-01
5.148101449012756348e-01,3.383203744888305664e-01,8.421370983123779297e-01,-5.383862182497978210e-02,1.983208768069744110e-02,9.519649147987365723e-01,3.007838129997253418e-01,-2.153661102056503296e-01,2.458499968051910400e-01,5.715396404266357422e-01,3.389442861080169678e-01,-1.168084666132926941e-01,1.184409135021269321e-03,-9.888918697834014893e-02,-1.980459839105606079e-01,-1.821093559265136719e-01,2.708616852760314941e-02,-9.218359738588333130e-02,2.066015303134918213e-01,-1.762022227048873901e-01,-1.589772343635559082e+00,1.166255354881286621e+00,-1.238319277763366699e+00,1.004814982414245605e+00,3.769848942756652832e-01,-1.336650848388671875e-01,-1.289848446846008301e+00,6.291651725769042969e-01,9.524781703948974609e-01,-2.655142545700073242e-01
5.058286786079406738e-01,3.395094871520996094e-01,8.434025049209594727e-01,-4.064308106899261475e-02,2.553769387304782867e-02,9.478496909141540527e-01,3.150824606418609619e-01,-2.369770854711532593e-01,2.560993134975433350e-01,5.717893838882446289e-01,4.244826436042785645e-01,-1.259878575801849365e-01,-3.872929839417338371e-03,-8.138106763362884521e-02,-2.222838997840881348e-01,-1.543826162815093994e-01,4.266347363591194153e-02,-1.083083450794219971e-01,2.245896756649017334e-01,-1.772802919149398804e-01,-1.855265140533447266e+00,1.222493410110473633e+00,-1.398063659667968750e+00,1.009633779525756836e+00,3.804835677146911621e-01,-1.539507508277893066e-01,-1.412254571914672852e+00,5.387364029884338379e-01,9.484180212020874023e-01,-2.403113543987274170e-01
4.902936816215515137e-01,3.402131199836730957e-01,8.435614705085754395e-01,-2.125363051891326904e-02,3.684054687619209290e-02,9.447918534278869629e-01,3.248990774154663086e-01,-2.294757366180419922e-01,2.271238416433334351e-01,5.742860436439514160e-01,4.485238492488861084e-01,-1.265988200902938843e-01,-9.977119043469429016e-03,-4.850671440362930298e-02,-2.739757001399993896e-01,-1.292969584465026855e-01,6.619010120630264282e-02,-1.325320899486541748e-01,2.436043471097946167e-01,-1.623971164226531982e-01,-1.954393267631530762e+00,1.227525234222412109e+00,-1.399999976158142090e+00,1.016138672828674316e+00,4.444656968116760254e-01,-1.692146658897399902e-01,-1.528996467590332031e+00,4.698989987373352051e-01,9.763828516006469727e-01,-2.343276590108871460e-01
4.753116965293884277e-01,3.446207344532012939e-01,8.418491482734680176e-01,-4.790666978806257248e-03,4.670475423336029053e-02,9.405260682106018066e-01,3.364617228507995605e-01,-2.113253325223922729e-01,1.994476020336151123e-01,5.671613812446594238e-01,4.350472092628479004e-01,-1.271586865186691284e-01,-1.659242063760757446e-02,-2.299879863858222961e-02,-3.182221353054046631e-01,-1.102864295244216919e-01,9.393047541379928589e-02,-1.643397510051727295e-01,2.602888345718383789e-01,-1.320044696331024170e-01,-2.039698123931884766e+00,1.224187374114990234e+00,-1.399999976158142090e+00,1.022621750831604004e+00,5.005894899368286133e-01,-1.782367825508117676e-01,-1.628241062164306641e+00,4.082112312316894531e-01,9.705239534378051758e-01,-2.374831289052963257e-01
4.522316157817840576e-01,3.467024564743041992e-01,8.385573625564575195e-01,7.322197314351797104e-03,4.869506135582923889e-02,9.359763264656066895e-01,3.486022651195526123e-01,-1.831330358982086182e-01,1.780708730220794678e-01,5.658907294273376465e-01,4.083157181739807129e-01,-1.317299604415893555e-01,-2.309801243245601654e-02,5.428564734756946564e-03,-3.501461148262023926e-01,-8.290106058120727539e-02,1.201005876064300537e-01,-1.883566081523895264e-01,2.617984116077423096e-01,-1.111283972859382629e-01,-2.146447896957397461e+00,1.210303068161010742e+00,-1.399999976158142090e+00,1.048423528671264648e+00,5.276618599891662598e-01,-1.973676532506942749e-01,-1.717036604881286621e+00,3.439655303955078125e-01,9.513471126556396484e-01,-2.251168191432952881e-01
4.385072886943817139e-01,3.476985991001129150e-01,8.329678773880004883e-01,1.667744666337966919e-02,5.585494264960289001e-02,9.325878024101257324e-01,3.562051355838775635e-01,-1.550438702106475830e-01,1.599500328302383423e-01,5.641995668411254883e-01,3.839325010776519775e-01,-1.350390166044235229e-01,-2.495169453322887421e-02,1.416259724646806717e-02,-3.858128488063812256e-01,-6.664194166660308838e-02,1.471645683050155640e-01,-2.293867319822311401e-01,2.617999911308288574e-01,-8.138174563646316528e-02,-2.197253704071044922e+00,1.196007490158081055e+00,-1.399999976158142090e+00,1.052675127983093262e+00,5.731855630874633789e-01,-2.153664380311965942e-01,-1.786220550537109375e+00,2.895614802837371826e-01,9.202032685279846191e-01,-2.076827883720397949e-01
4.138455390930175781e-01,3.548604846000671387e-01,8.256840109825134277e-01,2.758237905800342560e-02,6.276142597198486328e-02,9.299307465553283691e-01,3.612879812717437744e-01,-1.134552434086799622e-01,1.279170215129852295e-01,5.602275729179382324e-01,3.578200936317443848e-01,-1.497392654418945312e-01,-2.583147957921028137e-02,4.381921887397766113e-02,-4.314531981945037842e-01,-5.673280358314514160e-02,1.832076460123062134e-01,-2.794255316257476807e-01,2.617999911308288574e-01,-6.553635746240615845e-02,-2.259274721145629883e+00,1.191899418830871582e+00,-1.399999976158142090e+00,1.059077501296997070e+00,5.909919738769531250e-01,-2.432791888713836670e-01,-1.850887894630432129e+00,2.462777644395828247e-01,8.740131855010986328e-01,-1.865886151790618896e-01
3.889710307121276855e-01,3.575375676155090332e-01,8.171694874763488770e-01,4.149296879768371582e-02,7.098896056413650513e-02,9.275280237197875977e-01,3.645966053009033203e-01,-7.666242122650146484e-02,8.182042837142944336e-02,5.378467440605163574e-01,3.617129921913146973e-01,-1.821921467781066895e-01,-2.712334878742694855e-02,6.333094835281372070e-02,-4.911451935768127441e-01,-4.413194954395294189e-02,2.423841357231140137e-01,-3.282606601715087891e-01,2.617999911308288574e-01,-5.272309854626655579e-02,-2.333519697189331055e+00,1.185117125511169434e+00,-1.399999976158142090e+00,1.060809135437011719e+00,6.110603213310241699e-01,-3.133699893951416016e-01,-1.956229567527770996e+00,2.223581075668334961e-01,8.032178282737731934e-01,-1.784733235836029053e-01
3.712202310562133789e-01,3.546662926673889160e-01,8.080064058303833008e-01,5.550602823495864868e-02,7.882795482873916626e-02,9.254337549209594727e-01,3.664390444755554199e-01,-5.362920090556144714e-02,3.751042112708091736e-02,5.260356068611145020e-01,3.875564336776733398e-01,-2.304243445396423340e-01,-1.465488318353891373e-02,5.973741039633750916e-02,-5.500822067260742188e-01,-2.913284301757812500e-02,3.194452524185180664e-01,-3.694523572921752930e-01,2.617999911308288574e-01,-2.913669124245643616e-02,-2.405452966690063477e+00,1.169844508171081543e+00,-1.399999976158142090e+00,1.047058105468750000e+00,5.990281701087951660e-01,-4.959036707878112793e-01,-2.064002513885498047e+00,3.167341053485870361e-01,7.109745740890502930e-01,-1.430445611476898193e-01
3.534353375434875488e-01,3.543708622455596924e-01,7.984936237335205078e-01,6.189633533358573914e-02,8.678717911243438721e-02,9.236917495727539062e-01,3.680085837841033936e-01,-4.965354874730110168e-02,5.549947265535593033e-03,5.228446125984191895e-01,4.335977733135223389e-01,-2.907706499099731445e-01,-6.055703852325677872e-04,4.736892506480216980e-02,-6.053227186203002930e-01,-2.559956163167953491e-02,3.868073523044586182e-01,-4.009719789028167725e-01,2.617999911308288574e-01,2.492704056203365326e-02,-2.516968727111816406e+00,1.135109066963195801e+00,-1.399999976158142090e+00,1.023183226585388184e+00,5.589874982833862305e-01,-8.326437473297119141e-01,-2.200166940689086914e+00,5.351089239120483398e-01,5.768324136734008789e-01,-9.076498448848724365e-02
3.341902196407318115e-01,3.568153977394104004e-01,7.898541688919067383e-01,6.696360558271408081e-02,8.438264578580856323e-02,9.215137958526611328e-01,3.731055557727813721e-01,-4.265511780977249146e-02,7.216873578727245331e-03,5.314875841140747070e-01,5.007665753364562988e-01,-3.469644784927368164e-01,2.045857161283493042e-02,4.039857909083366394e-02,-6.427989602088928223e-01,-3.202959895133972168e-02,4.589934051036834717e-01,-4.034597575664520264e-01,2.617999911308288574e-01,4.436908289790153503e-02,-2.590490818023681641e+00,1.102288484573364258e+00,-1.399999976158142090e+00,1.024587273597717285e+00,5.098189711570739746e-01,-1.028235435485839844e+00,-2.251499891281127930e+00,6.313302516937255859e-01,4.539684355258941650e-01,-8.507627993822097778e-02
3.175151646137237549e-01,3.550024032592773438e-01,7.808077931404113770e-01,8.154512196779251099e-02,7.905560731887817383e-02,9.203497171401977539e-01,3.742419183254241943e-01,-2.381574176251888275e-02,-4.999357275664806366e-03,5.165688991546630859e-01,5.690791010856628418e-01,-4.015328884124755859e-01,4.053629562258720398e-02,4.888331517577171326e-02,-6.829347610473632812e-01,-2.288760617375373840e-02,5.430553555488586426e-01,-3.979388475418090820e-01,2.617999911308288574e-01,3.476528450846672058e-02,-2.666988611221313477e+00,1.068571329116821289e+00,-1.399999976158142090e+00,9.974738359451293945e-01,4.827103018760681152e-01,-1.166590452194213867e+00,-2.251499891281127930e+00,6.192165613174438477e-01,3.366494476795196533e-01,-9.287548810243606567e-02
2.998849451541900635e-01,3.520094752311706543e-01,7.709733843803405762e-01,9.488546848297119141e-02,7.413836568593978882e-02,9.196695089340209961e-01,3.737756013870239258e-01,-8.617480052635073662e-04,-1.976999454200267792e-02,5.126108527183532715e-01,6.276271939277648926e-01,-4.590003192424774170e-01,5.857130140066146851e-02,6.486541032791137695e-02,-7.234477996826171875e-01,-2.012448571622371674e-02,6.162862181663513184e-01,-3.975093066692352295e-01,2.617999911308288574e-01,2.143952250480651855e-02,-2.719419956207275391e+00,1.050499320030212402e+00,-1.399999976158142090e+00,9.805685281753540039e-01,4.324496090412139893e-01,-1.276865959167480469e+00,-2.251499891281127930e+00,6.107971668243408203e-01,2.360042482614517212e-01,-9.362334758043289185e-02
2.891841828823089600e-01,3.447576761245727539e-01,7.614210844039916992e-01,1.127945035696029663e-01,6.894244998693466187e-02,9.187750220298767090e-01,3.719903826713562012e-01,2.239261381328105927e-02,-3.933733701705932617e-02,5.032538175582885742e-01,6.781503558158874512e-01,-5.060079693794250488e-01,7.214799523353576660e-02,8.042246848344802856e-02,-7.548375129699707031e-01,2.598078863229602575e-04,6.873878836631774902e-01,-4.064295887947082520e-01,2.532870769500732422e-01,5.718467757105827332e-03,-2.777299642562866211e+00,1.032482862472534180e+00,-1.399999976158142090e+00,9.735150337219238281e-01,3.647592663764953613e-01,-1.387293219566345215e+00,-2.251499891281127930e+00,5.892617702484130859e-01,1.343705505132675171e-01,-1.043592467904090881e-01
2.798289656639099121e-01,3.422448635101318359e-01,7.526268959045410156e-01,1.282421797513961792e-01,6.708264350891113281e-02,9.183184504508972168e-01,3.684359490871429443e-01,4.736885800957679749e-02,-6.400283426046371460e-02,4.884746372699737549e-01,7.144912481307983398e-01,-5.511578321456909180e-01,8.896928280591964722e-02,1.029362902045249939e-01,-7.746498584747314453e-01,3.203121945261955261e-02,7.347312569618225098e-01,-4.108864665031433105e-01,2.519950568675994873e-01,-6.368459202349185944e-03,-2.830587625503540039e+00,1.015202999114990234e+00,-1.399999976158142090e+00,9.738299250602722168e-01,3.062866032123565674e-01,-1.496110200881958008e+00,-2.251499891281127930e+00,5.797936320304870605e-01,3.368065506219863892e-02,-1.197223514318466187e-01
2.773597538471221924e-01,3.371924459934234619e-01,7.449315786361694336e-01,1.418247371912002563e-01,6.360040605068206787e-02,9.179337024688720703e-01,3.650183975696563721e-01,6.356196850538253784e-02,-8.102850615978240967e-02,4.733904004096984863e-01,7.411829829216003418e-01,-5.920281410217285156e-01,1.070944964885711670e-01,1.268036961555480957e-01,-7.884597778320312500e-01,4.230679571628570557e-02,7.576396465301513672e-01,-4.300000071525573730e-01,2.370394617319107056e-01,-7.886227220296859741e-03,-2.860101699829101562e+00,1.005583763122558594e+00,-1.399999976158142090e+00,9.651319980621337891e-01,2.834069132804870605e-01,-1.579179644584655762e+00,-2.251499891281127930e+00,5.766277313232421875e-01,-3.881489112973213196e-02,-1.351809650659561157e-01
2.675327360630035400e-01,3.346603810787200928e-01,7.389462590217590332e-01,1.522903442382812500e-01,6.207850575447082520e-02,9.171490073204040527e-01,3.630311787128448486e-01,8.371925354003906250e-02,-1.015793681144714355e-01,4.658648371696472168e-01,7.672657966613769531e-01,-6.169120669364929199e-01,1.210321187973022461e-01,1.464175134897232056e-01,-8.051605820655822754e-01,5.991120263934135437e-02,7.819994091987609863e-01,-4.150717854499816895e-01,2.328090965747833252e-01,-1.500072609633207321e-02,-2.891146659851074219e+00,1.004796385765075684e+00,-1.399999976158142090e+00,9.557186365127563477e-01,2.123358398675918579e-01,-1.694287419319152832e+00,-2.251499891281127930e+00,5.849131941795349121e-01,-1.281761974096298218e-01,-1.333722472190856934e-01
2.591914236545562744e-01,3.348504900932312012e-01,7.359172105789184570e-01,1.596626043319702148e-01,6.022470816969871521e-02,9.162514805793762207e-01,3.624418675899505615e-01,1.064387485384941101e-01,-1.145203039050102234e-01,4.619931578636169434e-01,7.780253887176513672e-01,-6.284060478210449219e-01,1.290815621614456177e-01,1.711182892322540283e-01,-8.123942613601684570e-01,6.792968511581420898e-02,7.888160347938537598e-01,-3.973324000835418701e-01,2.253083139657974243e-01,-1.123560778796672821e-02,-2.903221845626831055e+00,1.022716164588928223e+00,-1.399999976158142090e+00,9.537010192871093750e-01,1.652110219001770020e-01,-1.800373196601867676e+00,-2.249844551086425781e+00,5.949764847755432129e-01,-2.027927041053771973e-01,-1.304104328155517578e-01
2.502213418483734131e-01,3.375744819641113281e-01,7.368018627166748047e-01,1.615872681140899658e-01,5.717832967638969421e-02,9.163313508033752441e-01,3.618798851966857910e-01,1.287639290094375610e-01,-1.238643825054168701e-01,4.489378035068511963e-01,7.677530050277709961e-01,-6.286987066268920898e-01,1.358273923397064209e-01,1.954073607921600342e-01,-8.057777881622314453e-01,7.248251140117645264e-02,7.795776128768920898e-01,-3.607454001903533936e-01,2.213262617588043213e-01,-3.927669487893581390e-03,-2.886082649230957031e+00,1.063279986381530762e+00,-1.399999976158142090e+00,9.437264204025268555e-01,9.333822131156921387e-02,-1.935879707336425781e+00,-2.247459650039672852e+00,6.110033392906188965e-01,-2.857643365859985352e-01,-1.375443339347839355e-01
2.422026246786117554e-01,3.435336649417877197e-01,7.422803640365600586e-01,1.611515283584594727e-01,4.990788176655769348e-02,9.163528084754943848e-01,3.630934953689575195e-01,1.644739806652069092e-01,-1.210989281535148621e-01,4.350836873054504395e-01,7.305321693420410156e-01,-6.187456846237182617e-01,1.366168856620788574e-01,2.274126410484313965e-01,-7.782870531082153320e-01,7.304088026285171509e-02,7.509466409683227539e-01,-3.100004792213439941e-01,2.157930582761764526e-01,-4.471832420676946640e-03,-2.831960201263427734e+00,1.129659533500671387e+00,-1.399999976158142090e+00,9.274636507034301758e-01,3.046031296253204346e-02,-2.074048280715942383e+00,-2.213993787765502930e+00,6.003177165985107422e-01,-3.520996570587158203e-01,-1.558184325695037842e-01
2.411638796329498291e-01,3.481622040271759033e-01,7.532164454460144043e-01,1.622070968151092529e-01,3.877510502934455872e-02,9.182727932929992676e-01,3.591105639934539795e-01,2.042802423238754272e-01,-1.051595136523246765e-01,4.193402230739593506e-01,6.729314327239990234e-01,-5.787796974182128906e-01,1.294938772916793823e-01,2.551086843013763428e-01,-7.437869906425476074e-01,5.955995246767997742e-02,7.145847082138061523e-01,-2.568369805812835693e-01,2.129137217998504639e-01,-2.563901944085955620e-03,-2.756951093673706055e+00,1.189069747924804688e+00,-1.399999976158142090e+00,8.822740912437438965e-01,-2.161287702620029449e-02,-2.209440946578979492e+00,-2.173333406448364258e+00,5.795081853866577148e-01,-4.114506542682647705e-01,-2.133219987154006958e-01
2.263215929269790649e-01,3.633220493793487549e-01,7.703900933265686035e-01,1.484555304050445557e-01,2.334065549075603485e-02,9.214798212051391602e-01,3.581774830818176270e-01,2.536543905735015869e-01,-7.334499806165695190e-02,4.044408202171325684e-01,5.871896147727966309e-01,-5.050864219665527344e-01,1.303245872259140015e-01,2.781718969345092773e-01,-6.815623641014099121e-01,3.656816855072975159e-02,6.477347016334533691e-01,-1.516250222921371460e-01,2.116365581750869751e-01,-4.913721233606338501e-03,-2.602560281753540039e+00,1.281359791755676270e+00,-1.399999976158142090e+00,7.902571558952331543e-01,-5.265740305185317993e-02,-2.344707489013671875e+00,-2.101693630218505859e+00,5.319555401802062988e-01,-4.804848730564117432e-01,-2.745707929134368896e-01
2.266848385334014893e-01,3.623062074184417725e-01,7.895289659500122070e-01,1.265056729316711426e-01,-5.344428122043609619e-03,9.269468188285827637e-01,3.531817495822906494e-01,2.811344265937805176e-01,-1.624175347387790680e-02,3.459348678588867188e-01,4.559794068336486816e-01,-3.928083479404449463e-01,9.214930236339569092e-02,3.008422553539276123e-01,-5.543451905250549316e-01,-2.112946845591068268e-02,4.966306090354919434e-01,1.997014321386814117e-02,2.465475648641586304e-01,8.686563000082969666e-03,-2.396067619323730469e+00,1.406749010086059570e+00,-1.399999976158142090e+00,6.752200126647949219e-01,-8.986369520425796509e-02,-2.520588397979736328e+00,-1.976226210594177246e+00,4.229244887828826904e-01,-4.954126477241516113e-01,-3.656309843063354492e-01
2.301762849092483521e-01,3.655152916908264160e-01,8.156712651252746582e-01,7.934752851724624634e-02,-4.871769994497299194e-02,9.391213059425354004e-01,3.307290375232696533e-01,2.665874958038330078e-01,1.240616813302040100e-01,2.671726346015930176e-01,3.152084350585937500e-01,-1.594061702489852905e-01,-4.390702117234468460e-03,3.141157627105712891e-01,-3.316374123096466064e-01,-1.099818646907806396e-01,3.099167943000793457e-01,2.793531715869903564e-01,2.617999911308288574e-01,-3.027535742148756981e-03,-2.149959802627563477e+00,1.509923815727233887e+00,-1.320448040962219238e+00,5.438906550407409668e-01,-1.872495710849761963e-01,-2.656431198120117188e+00,-1.803383231163024902e+00,2.867664992809295654e-01,-4.920428991317749023e-01,-5.654727816581726074e-01
2.301537841558456421e-01,3.755204081535339355e-01,8.425415158271789551e-01,4.716924950480461121e-02,-1.082178205251693726e-01,9.501441121101379395e-01,2.886002957820892334e-01,2.603372931480407715e-01,2.924894988536834717e-01,1.598584502935409546e-01,2.078595012426376343e-01,7.681983709335327148e-02,-1.188068315386772156e-01,3.195303976535797119e-01,-8.733318746089935303e-02,-1.994749754667282104e-01,1.417184770107269287e-01,4.604020714759826660e-01,2.617999911308288574e-01,2.133193984627723694e-02,-1.658697962760925293e+00,1.394250631332397461e+00,-9.841971397399902344e-01,4.676671624183654785e-01,-3.009378314018249512e-01,-2.626137971878051758e+00,-1.605184316635131836e+00,1.318125575780868530e-01,-6.049146652221679688e-01,-8.672312498092651367e-01
2.313685566186904907e-01,3.735303878784179688e-01,8.722373247146606445e-01,4.534834995865821838e-02,-1.036813780665397644e-01,9.593216776847839355e-01,2.586417794227600098e-01,2.531246244907379150e-01,3.047820925712585449e-01,1.438608914613723755e-01,1.719802021980285645e-01,1.736499220132827759e-01,-1.641675233840942383e-01,3.061466813087463379e-01,-4.136644676327705383e-02,-2.537348270416259766e-01,1.019948646426200867e-01,4.564845860004425049e-01,2.617999911308288574e-01,1.134296283125877380e-01,-1.226508975028991699e+00,1.101426005363464355e+00,-6.073429584503173828e-01,3.856554925441741943e-01,-1.621451228857040405e-01,-2.464527130126953125e+00,-1.412885904312133789e+00,5.207280069589614868e-02,-7.021119594573974609e-01,-9.879915118217468262e-01
2.284362614154815674e-01,3.701870739459991455e-01,8.977948427200317383e-01,2.151550352573394775e-02,-1.087250486016273499e-01,9.697511196136474609e-01,2.174826860427856445e-01,1.824427247047424316e-01,3.783305287361145020e-01,1.125605851411819458e-01,1.532945185899734497e-01,2.855137884616851807e-01,-2.326583266258239746e-01,2.186998128890991211e-01,4.453887045383453369e-02,-3.097391426563262939e-01,8.339736610651016235e-02,4.935692846775054932e-01,2.617999911308288574e-01,1.917607486248016357e-01,-9.361744523048400879e-01,8.180721998214721680e-01,-4.376997053623199463e-01,2.321706712245941162e-01,-1.049706712365150452e-02,-2.333961009979248047e+00,-1.212566018104553223e+00,4.945251345634460449e-02,-5.938660502433776855e-01,-1.005558371543884277e+00
2.243171930313110352e-01,3.687263429164886475e-01,9.139068722724914551e-01,4.486794117838144302e-03,-1.160792708396911621e-01,9.828405976295471191e-01,1.432824134826660156e-01,1.108454260975122452e-02,4.697760939598083496e-01,1.272961199283599854e-01,2.189114987850189209e-01,2.053224295377731323e-01,-2.167519629001617432e-01,1.079178154468536377e-01,9.065545350313186646e-02,-3.286468684673309326e-01,6.012343242764472961e-02,4.131771028041839600e-01,2.617999911308288574e-01,1.460101306438446045e-01,-7.930905818939208984e-01,6.460879445075988770e-01,-4.123633801937103271e-01,3.643676266074180603e-02,6.740710139274597168e-02,-2.224448680877685547e+00,-1.308161497116088867e+00,2.126910239458084106e-01,1.019146144390106201e-01,-5.542531013488769531e-01
2.281598448753356934e-01,3.676555454730987549e-01,9.194371104240417480e-01,-1.071014348417520523e-02,-1.328234523534774780e-01,9.884355068206787109e-01,7.237745076417922974e-02,-2.102840095758438110e-01,5.331428647041320801e-01,1.018541306257247925e-01,3.773017823696136475e-01,1.346996873617172241e-01,-2.006267160177230835e-01,-7.905596867203712463e-03,9.348700195550918579e-02,-3.291721642017364502e-01,8.747830241918563843e-02,4.033425152301788330e-01,2.617999911308288574e-01,8.347711712121963501e-02,-6.798544526100158691e-01,5.588299632072448730e-01,-4.536698758602142334e-01,-1.099350303411483765e-01,6.592106539756059647e-03,-2.357947349548339844e+00,-1.286660075187683105e+00,8.907114267349243164e-01,6.897405982017517090e-01,-2.090554237365722656e-01
2.293988615274429321e-01,3.655571341514587402e-01,9.175881147384643555e-01,-4.035056009888648987e-02,-1.379426717758178711e-01,9.894734621047973633e-01,1.690775714814662933e-02,-3.674427568912506104e-01,5.372304320335388184e-01,9.111676365137100220e-02,3.995162248611450195e-01,1.158724725246429443e-01,-2.020747214555740356e-01,-1.076747402548789978e-01,1.968751102685928345e-02,-3.220977783203125000e-01,1.164123564958572388e-01,4.098465442657470703e-01,2.617999911308288574e-01,9.603432565927505493e-02,-6.799652576446533203e-01,4.696725904941558838e-01,-5.185716748237609863e-01,-1.997209042310714722e-01,-6.453069299459457397e-02,-2.396218061447143555e+00,-9.774994850158691406e-01,1.399999976158142090e+00,1.102232933044433594e+00,-2.017830759286880493e-01
2.287349849939346313e-01,3.547598421573638916e-01,9.113244414329528809e-01,-4.947647452354431152e-02,-1.681207716464996338e-01,9.839376211166381836e-01,-3.397392109036445618e-02,-4.773745238780975342e-01,5.866602659225463867e-01,6.836181879043579102e-02,3.958351314067840576e-01,9.691031277179718018e-02,-2.013950049877166748e-01,-1.245839074254035950e-01,-3.158821165561676025e-02,-3.306146562099456787e-01,1.240580081939697266e-01,4.058163762092590332e-01,2.617999911308288574e-01,8.551011234521865845e-02,-6.452583670616149902e-01,4.724227190017700195e-01,-5.337697267532348633e-01,-2.388871163129806519e-01,-8.645606786012649536e-02,-2.133021593093872070e+00,-8.355046510696411133e-01,1.399999976158142090e+00,1.115585446357727051e+00,-3.430627882480621338e-01
2.258891761302947998e-01,3.408662378787994385e-01,9.022025465965270996e-01,-6.180507689714431763e-02,-2.022852450609207153e-01,9.725416302680969238e-01,-9.707491099834442139e-02,-5.658588409423828125e-01,6.010864973068237305e-01,2.138567902147769928e-02,3.169941306114196777e-01,1.193343773484230042e-01,-2.077209800481796265e-01,-1.107836812734603882e-01,-1.114682257175445557e-01,-3.341011106967926025e-01,1.453070193529129028e-01,4.239327013492584229e-01,2.617999911308288574e-01,1.692266017198562622e-01,-5.754292607307434082e-01,4.549310803413391113e-01,-5.705918669700622559e-01,-2.666690647602081299e-01,-1.087511926889419556e-01,-1.810625076293945312e+00,-7.104068398475646973e-01,1.399999976158142090e+00,1.017495393753051758e+00,-4.255893230438232422e-01
2.241804301738739014e-01,3.247924149036407471e-01,8.910032510757446289e-01,-8.393764495849609375e-02,-2.316744774580001831e-01,9.566206336021423340e-01,-1.554296761751174927e-01,-6.296714544296264648e-01,5.990735292434692383e-01,6.187154795043170452e-04,2.556647956371307373e-01,7.361241430044174194e-02,-1.921293437480926514e-01,-7.079333066940307617e-02,-1.956151723861694336e-01,-3.158641755580902100e-01,1.701894849538803101e-01,4.136283397674560547e-01,2.567967772483825684e-01,2.816558182239532471e-01,-4.676592946052551270e-01,4.534240067005157471e-01,-5.648728013038635254e-01,-2.686203718185424805e-01,-6.407445669174194336e-02,-1.505515217781066895e+00,-6.344297528266906738e-01,1.399999976158142090e+00,9.210994243621826172e-01,-3.905423879623413086e-01
2.217869758605957031e-01,3.096577823162078857e-01,8.778391480445861816e-01,-1.167372390627861023e-01,-2.587164044380187988e-01,9.384965300559997559e-01,-1.966277211904525757e-01,-7.157184481620788574e-01,5.961277484893798828e-01,3.701333422213792801e-03,2.034804970026016235e-01,3.923631738871335983e-03,-1.536267846822738647e-01,-5.372796207666397095e-02,-2.664992511272430420e-01,-2.524888217449188232e-01,2.097435295581817627e-01,3.482649922370910645e-01,2.440391629934310913e-01,3.615410625934600830e-01,-3.045884668827056885e-01,4.465792477130889893e-01,-4.669671356678009033e-01,-2.353195697069168091e-01,-1.635845005512237549e-02,-1.122051596641540527e+00,-5.247421264648437500e-01,1.333206534385681152e+00,8.376422524452209473e-01,-3.257938921451568604e-01
2.170323431491851807e-01,2.940497398376464844e-01,8.654285669326782227e-01,-1.366840302944183350e-01,-2.811596393585205078e-01,9.233449697494506836e-01,-2.229367643594741821e-01,-7.728669643402099609e-01,5.900965929031372070e-01,-4.726704582571983337e-02,2.040209472179412842e-01,-9.871589392423629761e-02,-1.107383593916893005e-01,-2.610813453793525696e-02,-3.167854845523834229e-01,-1.927787512540817261e-01,2.856048941612243652e-01,2.773662507534027100e-01,2.025274932384490967e-01,4.346282780170440674e-01,-1.484713554382324219e-01,5.233926177024841309e-01,-3.730771243572235107e-01,-2.110701948404312134e-01,1.342779304832220078e-02,-8.815650939941406250e-01,-4.107418954372406006e-01,1.206196546554565430e+00,8.010153174400329590e-01,-3.253831267356872559e-01
2.119487076997756958e-01,2.803776860237121582e-01,8.540672063827514648e-01,-1.564111858606338501e-01,-3.006896674633026123e-01,9.103249907493591309e-01,-2.375493496656417847e-01,-8.276715278625488281e-01,5.844066143035888672e-01,-5.752007663249969482e-02,2.211641967296600342e-01,-1.668132394552230835e-01,-5.678902566432952881e-02,-1.742115803062915802e-02,-3.332716524600982666e-01,-1.649727970361709595e-01,3.385951817035675049e-01,2.431498467922210693e-01,1.682365536689758301e-01,4.523957073688507080e-01,-6.244233995676040649e-02,5.629380941390991211e-01,-3.303861916065216064e-01,-1.072853431105613708e-01,6.268773227930068970e-02,-8.005915880203247070e-01,-3.554266095161437988e-01,1.146995067596435547e+00,7.423832416534423828e-01,-3.069294393062591553e-01
2.082688510417938232e-01,2.463396191596984863e-01,8.443803787231445312e-01,-1.735580414533615112e-01,-3.185107111930847168e-01,8.963050246238708496e-01,-2.550799548625946045e-01,-8.850300312042236328e-01,5.406571626663208008e-01,-9.395851939916610718e-02,2.795509696006774902e-01,-2.705255448818206787e-01,1.447218470275402069e-02,-4.572902247309684753e-02,-3.523922562599182129e-01,-1.219075545668601990e-01,5.162116885185241699e-01,1.517622917890548706e-01,8.827563375234603882e-02,4.453323483467102051e-01,4.119592532515525818e-02,6.238602995872497559e-01,-2.951729893684387207e-01,1.509790569543838501e-01,6.257522851228713989e-02,-6.989098787307739258e-01,-2.585385441780090332e-01,1.049865603446960449e+00,5.872635245323181152e-01,-2.436907738447189331e-01
2.056844681501388550e-01,2.197614312171936035e-01,8.367670178413391113e-01,-1.907613724470138550e-01,-3.166307508945465088e-01,8.881025910377502441e-01,-2.731828391551971436e-01,-9.311527013778686523e-01,4.572876989841461182e-01,-1.455747932195663452e-01,3.683287799358367920e-01,-3.364426493644714355e-01,7.430844008922576904e-02,-1.511412262916564941e-01,-3.769804537296295166e-01,-8.509901165962219238e-02,8.103173971176147461e-01,3.480534628033638000e-02,-1.644526422023773193e-02,4.189511239528656006e-01,7.167533785104751587e-02,6.232722401618957520e-01,-2.955718934535980225e-01,5.737926959991455078e-01,1.017390005290508270e-02,-6.426869630813598633e-01,-1.784466803073883057e-01,1.025827646255493164e+00,4.326533079147338867e-01,-1.745956093072891235e-01
1.975115388631820679e-01,2.095283716917037964e-01,8.340646624565124512e-01,-2.116521596908569336e-01,-3.055121898651123047e-01,8.802256584167480469e-01,-2.950736284255981445e-01,-9.742032289505004883e-01,3.742499351501464844e-01,-1.824001669883728027e-01,4.373290240764617920e-01,-3.225984275341033936e-01,1.057308018207550049e-01,-2.909367978572845459e-01,-3.119667768478393555e-01,-4.425319842994213104e-03,1.107647895812988281e+00,-6.301808357238769531e-02,-5.515681207180023193e-02,3.727120161056518555e-01,1.233472153544425964e-01,5.854138135910034180e-01,-3.211789429187774658e-01,8.283299803733825684e-01,-5.270030349493026733e-02,-6.460797190666198730e-01,-1.234125271439552307e-01,1.036170840263366699e+00,3.377661705017089844e-01,-1.458870917558670044e-01
1.855230480432510376e-01,1.929722875356674194e-01,8.370721936225891113e-01,-2.276057004928588867e-01,-2.995387911796569824e-01,8.735356330871582031e-01,-3.088812530040740967e-01,-9.755769371986389160e-01,3.198105096817016602e-01,-2.088497132062911987e-01,4.568366110324859619e-01,-2.940203249454498291e-01,1.097200587391853333e-01,-4.101001918315887451e-01,-2.038371264934539795e-01,3.329874202609062195e-02,1.304996490478515625e+00,-1.119608953595161438e-01,-6.215036287903785706e-02,3.451925218105316162e-01,1.940841227769851685e-01,5.617039799690246582e-01,-3.533488512039184570e-01,9.241008162498474121e-01,-6.082607433199882507e-02,-6.632771492004394531e-01,-1.091947481036186218e-01,1.027650117874145508e+00,2.347753942012786865e-01,-1.200640574097633362e-01
1.796716153621673584e-01,1.800569295883178711e-01,8.438845872879028320e-01,-2.296379655599594116e-01,-2.920989692211151123e-01,8.726499676704406738e-01,-3.169016242027282715e-01,-9.484028816223144531e-01,2.880989015102386475e-01,-2.189712673425674438e-01,4.553734660148620605e-01,-2.487349212169647217e-01,9.905256330966949463e-02,-5.050853490829467773e-01,-9.277399629354476929e-02,3.778772894293069839e-03,1.409156560897827148e+00,-1.285558640956878662e-01,-6.633280217647552490e-02,3.365231156349182129e-01,2.565432786941528320e-01,5.353693962097167969e-01,-3.767258822917938232e-01,9.780151844024658203e-01,-5.813608691096305847e-02,-6.672904491424560547e-01,-1.024166196584701538e-01,1.016476392745971680e+00,1.741029173135757446e-01,-7.854115962982177734e-02
1.716601997613906860e-01,1.657259166240692139e-01,8.533515930175781250e-01,-2.248569875955581665e-01,-2.825121581554412842e-01,8.746227622032165527e-01,-3.235139846801757812e-01,-8.945251703262329102e-01,2.645910680294036865e-01,-2.371659725904464722e-01,4.261892735958099365e-01,-1.839181482791900635e-01,6.848143041133880615e-02,-5.836017727851867676e-01,-2.283290727064013481e-03,-5.542084574699401855e-02,1.403963923454284668e+00,-1.576167792081832886e-01,-7.601732015609741211e-02,3.313750624656677246e-01,3.335052430629730225e-01,5.087044239044189453e-01,-4.103793501853942871e-01,9.902536869049072266e-01,-1.589741744101047516e-02,-6.782001852989196777e-01,-1.101422607898712158e-01,1.004899144172668457e+00,1.160752177238464355e-01,-7.246376574039459229e-02
1.612265557050704956e-01,1.501937955617904663e-01,8.638240694999694824e-01,-2.194707393646240234e-01,-2.708521485328674316e-01,8.771227002143859863e-01,-3.303444981575012207e-01,-8.214709162712097168e-01,2.461592257022857666e-01,-2.371458411216735840e-01,3.691710829734802246e-01,-1.140020042657852173e-01,4.315469041466712952e-02,-6.375111341476440430e-01,7.177360355854034424e-02,-1.331311166286468506e-01,1.258316636085510254e+00,-1.563204228878021240e-01,-7.773155719041824341e-02,3.215814232826232910e-01,4.054459035396575928e-01,4.790067374706268311e-01,-4.420519173145294189e-01,9.854770898818969727e-01,2.932396158576011658e-02,-6.762468218803405762e-01,-1.323921084403991699e-01,9.776796102523803711e-01,7.011827826499938965e-02,-7.613594084978103638e-02
1.512487828731536865e-01,1.331370472908020020e-01,8.752692937850952148e-01,-2.124619483947753906e-01,-2.555498182773590088e-01,8.786087632179260254e-01,-3.429298698902130127e-01,-7.293737530708312988e-01,2.147523760795593262e-01,-2.572341859340667725e-01,2.880381941795349121e-01,-4.214695841073989868e-02,-7.231224793940782547e-03,-6.514072418212890625e-01,1.242597997188568115e-01,-1.699371486902236938e-01,1.028205275535583496e+00,-1.476033478975296021e-01,-5.528378114104270935e-02,2.963761389255523682e-01,4.677762389183044434e-01,4.394748210906982422e-01,-4.721238017082214355e-01,9.689095020294189453e-01,6.506276130676269531e-02,-6.661421060562133789e-01,-1.749399900436401367e-01,9.464733004570007324e-01,2.465674653649330139e-02,-9.557426720857620239e-02
1.417638212442398071e-01,1.150298044085502625e-01,8.857803344726562500e-01,-2.072377502918243408e-01,-2.321619242429733276e-01,8.781592845916748047e-01,-3.633037805557250977e-01,-6.370828151702880859e-01,1.660897731781005859e-01,-2.687563002109527588e-01,2.155990600585937500e-01,1.545986626297235489e-02,-4.858606681227684021e-02,-6.530706882476806641e-01,1.389090716838836670e-01,-1.918095052242279053e-01,7.762600779533386230e-01,-1.179607883095741272e-01,-1.978054083883762360e-02,2.601642012596130371e-01,5.070871114730834961e-01,3.913643062114715576e-01,-5.118472576141357422e-01,9.427858591079711914e-01,8.143262565135955811e-02,-6.472021341323852539e-01,-2.271948456764221191e-01,9.190956950187683105e-01,-4.243868403136730194e-03,-1.168610081076622009e-01
1.317225396633148193e-01,9.657642245292663574e-02,8.940935134887695312e-01,-2.037221044301986694e-01,-2.068898230791091919e-01,8.756538629531860352e-01,-3.859069943428039551e-01,-5.822638273239135742e-01,1.194418743252754211e-01,-2.551942467689514160e-01,1.895599812269210815e-01,4.176653921604156494e-02,-6.566131114959716797e-02,-6.636334061622619629e-01,1.362737566232681274e-01,-1.997146457433700562e-01,5.737355947494506836e-01,-7.844778150320053101e-02,1.861914806067943573e-02,2.224553823471069336e-01,5.338224172592163086e-01,3.506274521350860596e-01,-5.283375978469848633e-01,9.228359460830688477e-01,7.969462871551513672e-02,-6.334818601608276367e-01,-2.674858868122100830e-01,8.824424743652343750e-01,-1.063225790858268738e-02,-1.251088976860046387e-01
1.223932430148124695e-01,7.913319021463394165e-02,8.963620662689208984e-01,-2.073320895433425903e-01,-1.688841879367828369e-01,8.680852651596069336e-01,-4.182338118553161621e-01,-5.223252177238464355e-01,3.691358119249343872e-02,-2.472001910209655762e-01,1.863436549901962280e-01,4.442717880010604858e-02,-7.886488735675811768e-02,-6.662237644195556641e-01,8.464565128087997437e-02,-1.730874478816986084e-01,3.368736803531646729e-01,3.535361727699637413e-03,9.439967572689056396e-02,1.594771295785903931e-01,5.510206818580627441e-01,3.019928932189941406e-01,-5.693943500518798828e-01,8.824091553688049316e-01,9.829110652208328247e-02,-6.060879826545715332e-01,-3.350595831871032715e-01,8.543146252632141113e-01,-1.318459678441286087e-02,-1.404506266117095947e-01
1.138916462659835815e-01,6.330095231533050537e-02,8.950072526931762695e-01,-2.063395529985427856e-01,-1.297775655984878540e-01,8.578021526336669922e-01,-4.525010585784912109e-01,-4.537723064422607422e-01,-4.057960584759712219e-02,-2.637767791748046875e-01,1.985481828451156616e-01,2.022916078567504883e-02,-7.305861264467239380e-02,-6.846691966056823730e-01,1.793946512043476105e-02,-1.216934323310852051e-01,1.690566837787628174e-01,8.517055958509445190e-02,1.719587147235870361e-01,9.633033722639083862e-02,5.634095072746276855e-01,2.594755589962005615e-01,-5.870680809020996094e-01,8.408557176589965820e-01,1.195299550890922546e-01,-5.726649165153503418e-01,-4.177134633064270020e-01,8.196705579757690430e-01,-2.001990564167499542e-02,-1.689849346876144409e-01
1.036495566368103027e-01,4.449621215462684631e-02,8.903839588165283203e-01,-1.913282424211502075e-01,-9.457484632730484009e-02,8.350378870964050293e-01,-5.071102380752563477e-01,-3.620287477970123291e-01,-1.092420071363449097e-01,-3.134109675884246826e-01,1.985960155725479126e-01,-3.938232548534870148e-03,-5.111403018236160278e-02,-6.686431765556335449e-01,-7.762330770492553711e-02,-1.296928524971008301e-01,6.312374770641326904e-02,1.419576853513717651e-01,2.291726022958755493e-01,8.544942364096641541e-03,5.643803477287292480e-01,2.313487678766250610e-01,-6.268091201782226562e-01,7.830206751823425293e-01,1.615373045206069946e-01,-5.417342782020568848e-01,-5.031338334083557129e-01,8.015704154968261719e-01,-3.238774836063385010e-02,-2.073613852262496948e-01
9.478932619094848633e-02,2.995030768215656281e-02,8.822690248489379883e-01,-1.732619106769561768e-01,-6.800746917724609375e-02,8.192899823188781738e-01,-5.423276424407958984e-01,-3.120553791522979736e-01,-1.598467230796813965e-01,-3.608382344245910645e-01,2.491087168455123901e-01,-3.105129115283489227e-02,-3.960055112838745117e-02,-6.781910061836242676e-01,-1.398599743843078613e-01,-1.068791523575782776e-01,4.514173045754432678e-02,1.552321314811706543e-01,2.485907673835754395e-01,-4.574867337942123413e-02,5.431160926818847656e-01,2.344086766242980957e-01,-6.525256633758544922e-01,7.439069151878356934e-01,2.062329947948455811e-01,-4.961570799350738525e-01,-5.953791737556457520e-01,8.090799450874328613e-01,-2.167774923145771027e-02,-2.500406503677368164e-01
8.667077869176864624e-02,1.883996278047561646e-02,8.689446449279785156e-01,-1.628690212965011597e-01,-5.191764608025550842e-02,8.181996941566467285e-01,-5.489330887794494629e-01,-2.999486029148101807e-01,-1.928013265132904053e-01,-3.303314447402954102e-01,3.395608961582183838e-01,-7.909788191318511963e-02,-3.362279385328292847e-02,-7.006060481071472168e-01,-1.565789282321929932e-01,-7.115527987480163574e-02,5.832361057400703430e-02,1.628038734197616577e-01,2.390406876802444458e-01,-4.788122326135635376e-02,5.200451016426086426e-01,2.366360276937484741e-01,-6.409526467323303223e-01,7.206966876983642578e-01,2.192044407129287720e-01,-4.388905763626098633e-01,-6.694649457931518555e-01,8.032864332199096680e-01,-2.424108982086181641e-02,-2.666173577308654785e-01
7.611328363418579102e-02,3.785388777032494545e-03,8.556335568428039551e-01,-1.566608399152755737e-01,-3.788980096578598022e-02,8.119093179702758789e-01,-5.610926747322082520e-01,-3.242336511611938477e-01,-2.437363862991333008e-01,-3.030026853084564209e-01,5.251865983009338379e-01,-1.510680466890335083e-01,-4.224389791488647461e-02,-7.179954648017883301e-01,-1.940009146928787231e-01,-6.206248328089714050e-02,1.322327256202697754e-01,1.473482847213745117e-01,2.066466510295867920e-01,-3.032115660607814789e-02,4.521879255771636963e-01,2.797636389732360840e-01,-6.380780339241027832e-01,6.894905567169189453e-01,2.368740439414978027e-01,-3.404992818832397461e-01,-7.753690481185913086e-01,7.517714500427246094e-01,-3.571077808737754822e-02,-3.114217221736907959e-01
6.173170730471611023e-02,-1.275894604623317719e-02,8.475034236907958984e-01,-1.545263081789016724e-01,-3.790079057216644287e-02,8.031516075134277344e-01,-5.741363763809204102e-01,-3.565235137939453125e-01,-2.633083164691925049e-01,-2.885487079620361328e-01,7.003850936889648438e-01,-1.738937050104141235e-01,-7.500351965427398682e-02,-7.437840700149536133e-01,-2.103685438632965088e-01,-6.398894637823104858e-02,2.537154257297515869e-01,8.788850158452987671e-02,1.494084447622299194e-01,-1.521851308643817902e-02,3.767442405223846436e-01,3.201272785663604736e-01,-5.998938083648681641e-01,7.025793790817260742e-01,2.038677334785461426e-01,-2.755449414253234863e-01,-8.254085183143615723e-01,7.132136821746826172e-01,2.131552994251251221e-02,-3.293277025222778320e-01
4.785648360848426819e-02,-2.834634296596050262e-02,8.461642265319824219e-01,-1.483466327190399170e-01,-3.398967906832695007e-02,7.941835522651672363e-01,-5.883114933967590332e-01,-4.253366589546203613e-01,-2.501000761985778809e-01,-2.365721166133880615e-01,8.719503283500671387e-01,-1.561265140771865845e-01,-9.592475742101669312e-02,-7.492864727973937988e-01,-2.262517660856246948e-01,-6.762477010488510132e-02,3.622380197048187256e-01,1.899943687021732330e-02,9.162393957376480103e-02,6.857626140117645264e-04,2.977555990219116211e-01,3.486855626106262207e-01,-5.681317448616027832e-01,7.335624098777770996e-01,1.746762394905090332e-01,-2.075276076793670654e-01,-8.199626803398132324e-01,6.822541952133178711e-01,1.328088641166687012e-01,-3.278521597385406494e-01
4.190219938755035400e-02,-4.125321656465530396e-02,8.492866754531860352e-01,-1.431721597909927368e-01,-2.982798777520656586e-02,7.879419326782226562e-01,-5.981300473213195801e-01,-4.818406105041503906e-01,-2.356784939765930176e-01,-1.759973466396331787e-01,9.963410496711730957e-01,-1.201259568333625793e-01,-1.018062159419059753e-01,-7.296508550643920898e-01,-2.389844059944152832e-01,-6.299252808094024658e-02,4.074123799800872803e-01,-1.509683858603239059e-02,6.151771172881126404e-02,3.338591195642948151e-03,2.372412681579589844e-01,3.633950650691986084e-01,-5.395222902297973633e-01,7.414189577102661133e-01,1.378486156463623047e-01,-1.527091562747955322e-01,-7.900857925415039062e-01,6.626551747322082520e-01,2.643632590770721436e-01,-3.111650943756103516e-01
3.885082155466079712e-02,-5.522187799215316772e-02,8.553294539451599121e-01,-1.401003152132034302e-01,-2.708501741290092468e-02,7.839578986167907715e-01,-6.041922569274902344e-01,-5.157756805419921875e-01,-2.315171509981155396e-01,-1.434022188186645508e-01,1.062325239181518555e+00,-9.255255758762359619e-02,-1.067879870533943176e-01,-6.940805912017822266e-01,-2.483094334602355957e-01,-5.895515531301498413e-02,4.063732326030731201e-01,-2.678775601089000702e-02,4.581275209784507751e-02,4.099542740732431412e-03,1.867171823978424072e-01,3.705414831638336182e-01,-5.162867903709411621e-01,7.208642363548278809e-01,1.066777631640434265e-01,-1.065757200121879578e-01,-7.578353285789489746e-01,6.503509283065795898e-01,3.702522516250610352e-01,-2.962681055068969727e-01
3.500141948461532593e-02,-6.688852608203887939e-02,8.631615638732910156e-01,-1.377773731946945190e-01,-2.255785465240478516e-02,7.824278473854064941e-01,-6.068897843360900879e-01,-5.212866067886352539e-01,-2.210184484720230103e-01,-1.262034922838211060e-01,1.072403311729431152e+00,-9.051606059074401855e-02,-9.395667910575866699e-02,-6.503523588180541992e-01,-2.538542151451110840e-01,-5.609716475009918213e-02,3.811547756195068359e-01,-2.011717855930328369e-02,4.941410943865776062e-02,3.854019567370414734e-03,1.483604460954666138e-01,3.757170736789703369e-01,-4.908383488655090332e-01,6.886360049247741699e-01,7.548503577709197998e-02,-7.863622903823852539e-02,-7.349072098731994629e-01,6.437110900878906250e-01,4.470671713352203369e-01,-2.887142002582550049e-01
3.440914303064346313e-02,-7.698288559913635254e-02,8.712517619132995605e-01,-1.356146931648254395e-01,-1.806810684502124786e-02,7.807755470275878906e-01,-6.096488833427429199e-01,-5.128005146980285645e-01,-2.230224162340164185e-01,-1.161851882934570312e-01,1.060236096382141113e+00,-8.431205898523330688e-02,-8.979685604572296143e-02,-5.962813496589660645e-01,-2.616024017333984375e-01,-5.295336991548538208e-02,3.264484107494354248e-01,-5.071949213743209839e-03,6.128489598631858826e-02,-4.458912182599306107e-03,1.071307063102722168e-01,3.738148212432861328e-01,-4.785974323749542236e-01,6.484829783439636230e-01,6.395353376865386963e-02,-4.972318559885025024e-02,-7.033819556236267090e-01,6.314833164215087891e-01,5.127612352371215820e-01,-2.774231433868408203e-01
3.952150046825408936e-02,-8.205949515104293823e-02,8.785699605941772461e-01,-1.297153681516647339e-01,-1.145032793283462524e-02,7.846447229385375977e-01,-6.061151027679443359e-01,-4.892217516899108887e-01,-2.315216362476348877e-01,-1.167354509234428406e-01,1.037769913673400879e+00,-7.897666096687316895e-02,-8.556275814771652222e-02,-5.440392494201660156e-01,-2.645147442817687988e-01,-4.093401879072189331e-02,2.650466859340667725e-01,3.171280771493911743e-02,8.441028743982315063e-02,-8.601512759923934937e-03,6.253558397293090820e-02,3.710293173789978027e-01,-4.647476673126220703e-01,6.188450455665588379e-01,5.817996710538864136e-02,-2.851043641567230225e-02,-6.717545390129089355e-01,6.232438683509826660e-01,5.746747851371765137e-01,-2.655944526195526123e-01
4.597337171435356140e-02,-8.556412905454635620e-02,8.840024471282958984e-01,-1.219242438673973083e-01,-6.478085182607173920e-03,7.894448041915893555e-01,-6.015558242797851562e-01,-4.540126621723175049e-01,-2.396529763936996460e-01,-1.327415108680725098e-01,9.971028566360473633e-01,-7.408597320318222046e-02,-8.759759366512298584e-02,-5.003618001937866211e-01,-2.624874114990234375e-01,-2.478118985891342163e-02,2.161829024553298950e-01,6.985219568014144897e-02,1.036136224865913391e-01,-1.102386508136987686e-02,1.553018577396869659e-02,3.703246712684631348e-01,-4.478516578674316406e-01,5.764043331146240234e-01,4.902631789445877075e-02,-1.126730907708406448e-02,-6.354206204414367676e-01,6.105553507804870605e-01,6.298111677169799805e-01,-2.582778334617614746e-01
4.843229800462722778e-02,-8.891601860523223877e-02,8.876609802246093750e-01,-1.146277487277984619e-01,-1.122624613344669342e-03,7.973166108131408691e-01,-5.925752520561218262e-01,-4.120849370956420898e-01,-2.415395230054855347e-01,-1.549643129110336304e-01,9.539923667907714844e-01,-8.156386762857437134e-02,-9.153997898101806641e-02,-4.724965095520019531e-01,-2.508905827999114990e-01,4.712400492280721664e-03,1.950817704200744629e-01,9.436097741127014160e-02,1.166760101914405823e-01,-1.889601349830627441e-02,-2.700069546699523926e-02,3.814939558506011963e-01,-4.280028343200683594e-01,5.486850738525390625e-01,3.025743551552295685e-02,-3.351906780153512955e-03,-6.109127402305603027e-01,5.990439653396606445e-01,6.556799411773681641e-01,-2.458186745643615723e-01
5.441287532448768616e-02,-8.864823728799819946e-02,8.879588842391967773e-01,-1.047424525022506714e-01,4.013575147837400436e-03,8.083688020706176758e-01,-5.792691707611083984e-01,-3.569524884223937988e-01,-2.468434125185012817e-01,-1.926508247852325439e-01,9.042357802391052246e-01,-9.563086926937103271e-02,-9.311212599277496338e-02,-4.543779492378234863e-01,-2.337580025196075439e-01,4.400394856929779053e-02,1.820438057184219360e-01,1.141739189624786377e-01,1.308334469795227051e-01,-3.308233246207237244e-02,-7.368673384189605713e-02,3.996061682701110840e-01,-3.954683244228363037e-01,5.161412954330444336e-01,2.891215495765209198e-03,3.009272040799260139e-03,-5.827955007553100586e-01,5.739562511444091797e-01,6.994106173515319824e-01,-2.267106324434280396e-01
6.259347498416900635e-02,-8.663043379783630371e-02,8.851902484893798828e-01,-9.213033318519592285e-02,7.892773486673831940e-03,8.214085102081298828e-01,-5.627946257591247559e-01,-2.848510742187500000e-01,-2.551136314868927002e-01,-2.425836324691772461e-01,8.396148085594177246e-01,-1.154723912477493286e-01,-9.667576849460601807e-02,-4.435380101203918457e-01,-2.100175619125366211e-01,8.522301167249679565e-02,1.803189516067504883e-01,1.239577382802963257e-01,1.447534859180450439e-01,-5.411383137106895447e-02,-1.143848896026611328e-01,4.317875206470489502e-01,-3.581152558326721191e-01,4.810658097267150879e-01,-2.612113393843173981e-02,3.416191088035702705e-03,-5.632855296134948730e-01,5.302730798721313477e-01,7.191839218139648438e-01,-2.023667991161346436e-01
7.043910026550292969e-02,-8.512331545352935791e-02,8.793892860412597656e-01,-8.154200017452239990e-02,8.621727116405963898e-03,8.365436792373657227e-01,-5.417298674583435059e-01,-2.042726576328277588e-01,-2.598873376846313477e-01,-3.102627098560333252e-01,7.499299645423889160e-01,-1.392564922571182251e-01,-9.971149265766143799e-02,-4.424077570438385010e-01,-1.769993901252746582e-01,1.375571191310882568e-01,1.785486936569213867e-01,1.198195219039916992e-01,1.542847603559494019e-01,-8.004193753004074097e-02,-1.513194441795349121e-01,4.728191792964935303e-01,-3.237503767013549805e-01,4.490472078323364258e-01,-5.757719650864601135e-02,2.140479860827326775e-03,-5.573455691337585449e-01,4.929707050323486328e-01,7.065159678459167480e-01,-1.722259223461151123e-01
7.604458928108215332e-02,-8.510509133338928223e-02,8.720508813858032227e-01,-7.467451691627502441e-02,9.700035676360130310e-03,8.523870706558227539e-01,-5.174610614776611328e-01,-1.300841420888900757e-01,-2.682626545429229736e-01,-3.743634819984436035e-01,6.700788736343383789e-01,-1.755708605051040649e-01,-9.038574993610382080e-02,-4.474864900112152100e-01,-1.451441794633865356e-01,1.871794015169143677e-01,1.789815872907638550e-01,1.011472865939140320e-01,1.648814976215362549e-01,-1.052447408437728882e-01,-1.828290969133377075e-01,5.143991708755493164e-01,-2.905398309230804443e-01,4.266704916954040527e-01,-8.579651266336441040e-02,-2.106235915562137961e-04,-5.586736798286437988e-01,4.530784487724304199e-01,6.733203530311584473e-01,-1.322376132011413574e-01
8.067122846841812134e-02,-8.484044671058654785e-02,8.643169403076171875e-01,-7.171500474214553833e-02,8.709312416613101959e-03,8.621631860733032227e-01,-5.014536976814270020e-01,-9.131482243537902832e-02,-2.655356526374816895e-01,-3.927186131477355957e-01,6.123417615890502930e-01,-2.079146802425384521e-01,-7.109910249710083008e-02,-4.524200558662414551e-01,-1.244729608297348022e-01,2.215396761894226074e-01,1.690584272146224976e-01,7.449888437986373901e-02,1.723953187465667725e-01,-1.333333551883697510e-01,-2.042879164218902588e-01,5.408013463020324707e-01,-2.804564237594604492e-01,4.165226817131042480e-01,-1.001989319920539856e-01,-2.791352162603288889e-04,-5.634957551956176758e-01,4.260361790657043457e-01,6.337359547615051270e-01,-9.483901411294937134e-02
9.005098789930343628e-02,-8.232817053794860840e-02,8.562046885490417480e-01,-7.104322314262390137e-02,8.112563751637935638e-03,8.739079236984252930e-01,-4.808034598827362061e-01,-6.169269606471061707e-02,-2.705972194671630859e-01,-4.036076068878173828e-01,5.546094179153442383e-01,-2.669538557529449463e-01,-3.630518913269042969e-02,-4.652859568595886230e-01,-1.052025109529495239e-01,2.640511989593505859e-01,1.479152292013168335e-01,7.103113085031509399e-02,2.006191760301589966e-01,-1.701616942882537842e-01,-2.315152585506439209e-01,5.657327175140380859e-01,-2.663030922412872314e-01,4.086284935474395752e-01,-1.033968925476074219e-01,-1.038866396993398666e-02,-5.718569159507751465e-01,3.912919163703918457e-01,6.017858386039733887e-01,-5.556371435523033142e-02
1.046207249164581299e-01,-6.797831505537033081e-02,8.492355942726135254e-01,-7.219417393207550049e-02,9.772465564310550690e-03,8.854259848594665527e-01,-4.590351581573486328e-01,-6.085318326950073242e-02,-2.778674662113189697e-01,-3.754991590976715088e-01,5.106576681137084961e-01,-3.286536931991577148e-01,1.359972730278968811e-02,-4.837356209754943848e-01,-8.860190212726593018e-02,3.073484301567077637e-01,1.091397330164909363e-01,1.069144234061241150e-01,2.594337165355682373e-01,-2.149047851562500000e-01,-2.492765486240386963e-01,5.665277838706970215e-01,-2.661101520061492920e-01,4.095656871795654297e-01,-9.157900512218475342e-02,-2.750385180115699768e-02,-5.799438953399658203e-01,3.612416386604309082e-01,5.594507455825805664e-01,-1.784920692443847656e-02
1.161899566650390625e-01,-5.228135362267494202e-02,8.454275727272033691e-01,-7.528209686279296875e-02,1.291543617844581604e-02,9.003071784973144531e-01,-4.285006523132324219e-01,-7.603367418050765991e-02,-2.751008868217468262e-01,-3.305474519729614258e-01,4.781152009963989258e-01,-3.751527667045593262e-01,4.169265553355216980e-02,-5.004995465278625488e-01,-5.922953411936759949e-02,3.092109560966491699e-01,7.309311628341674805e-02,1.545031368732452393e-01,2.617996931076049805e-01,-2.601968646049499512e-01,-2.568616867065429688e-01,5.607298016548156738e-01,-3.047797381877899170e-01,4.282260537147521973e-01,-6.159889325499534607e-02,-5.049908161163330078e-02,-5.803996920585632324e-01,3.624084889888763428e-01,5.074999332427978516e-01,9.765360504388809204e-03
1.257507801055908203e-01,-3.745015338063240051e-02,8.437755703926086426e-01,-8.125355094671249390e-02,1.478496566414833069e-02,9.156575202941894531e-01,-3.933834731578826904e-01,-9.523905068635940552e-02,-2.590478658676147461e-01,-2.594559490680694580e-01,4.383679628372192383e-01,-4.073948860168457031e-01,7.533212006092071533e-02,-5.260244607925415039e-01,-6.259454786777496338e-02,2.484586834907531738e-01,4.719186574220657349e-02,1.660244315862655640e-01,2.617999911308288574e-01,-2.879764735698699951e-01,-2.558795511722564697e-01,5.451221466064453125e-01,-3.508984148502349854e-01,4.663558006286621094e-01,-3.665682673454284668e-02,-7.892630994319915771e-02,-5.773546099662780762e-01,3.760980665683746338e-01,4.730496108531951904e-01,2.617615647614002228e-02
1.368946731090545654e-01,-2.527858689427375793e-02,8.444002866744995117e-01,-8.483123779296875000e-02,1.617364399135112762e-02,9.267656207084655762e-01,-3.655783236026763916e-01,-1.148622781038284302e-01,-2.457152009010314941e-01,-1.966947019100189209e-01,4.120864868164062500e-01,-4.162389039993286133e-01,9.894479066133499146e-02,-5.430982112884521484e-01,-7.452225685119628906e-02,1.898607164621353149e-01,3.779902309179306030e-02,1.692134737968444824e-01,2.617999911308288574e-01,-2.963656783103942871e-01,-2.543329000473022461e-01,5.294867753982543945e-01,-3.817365765571594238e-01,5.022288560867309570e-01,-1.847975328564643860e-02,-9.418925642967224121e-02,-5.768733024597167969e-01,3.927388787269592285e-01,4.597862362861633301e-01,3.778491914272308350e-02
1.508452743291854858e-01,-1.579512469470500946e-02,8.461037278175354004e-01,-8.746203780174255371e-02,1.819505542516708374e-02,9.406123161315917969e-01,-3.275175392627716064e-01,-1.249661445617675781e-01,-2.339631915092468262e-01,-1.281192153692245483e-01,3.705798387527465820e-01,-4.172492027282714844e-01,1.196039766073226929e-01,-5.524485707283020020e-01,-9.078797698020935059e-02,1.178134232759475708e-01,3.451391309499740601e-02,1.585411876440048218e-01,2.617999911308288574e-01,-3.022902607917785645e-01,-2.455162107944488525e-01,5.190823078155517578e-01,-4.095259606838226318e-01,5.439976453781127930e-01,-1.183945219963788986e-03,-1.104450002312660217e-01,-5.679954290390014648e-01,4.087876677513122559e-01,4.539364576339721680e-01,4.505277425050735474e-02
1.616638749837875366e-01,-4.410232417285442352e-03,8.493982553482055664e-01,-9.062950313091278076e-02,1.797635853290557861e-02,9.527288675308227539e-01,-2.894318997859954834e-01,-1.363863795995712280e-01,-2.095843553543090820e-01,-5.773827806115150452e-02,3.319371640682220459e-01,-4.088119566440582275e-01,1.278374791145324707e-01,-5.489659309387207031e-01,-1.080076992511749268e-01,3.422639518976211548e-02,4.415343701839447021e-02,1.436461210250854492e-01,2.556188106536865234e-01,-3.006585240364074707e-01,-2.309703677892684937e-01,5.106306076049804688e-01,-4.333262443542480469e-01,5.794072747230529785e-01,2.236530184745788574e-02,-1.157324388623237610e-01,-5.683351159095764160e-01,4.345126152038574219e-01,4.578837752342224121e-01,3.834119066596031189e-02
1.732037067413330078e-01,7.334027439355850220e-03,8.536558151245117188e-01,-9.396170079708099365e-02,1.319580618292093277e-02,9.628655314445495605e-01,-2.527588307857513428e-01,-1.462365984916687012e-01,-1.757272183895111084e-01,3.144717542454600334e-03,2.855426967144012451e-01,-3.991152346134185791e-01,1.378839164972305298e-01,-5.292784571647644043e-01,-1.134513244032859802e-01,-1.782175898551940918e-02,6.393079459667205811e-02,1.209216415882110596e-01,2.354824244976043701e-01,-2.990150451660156250e-01,-2.079898118972778320e-01,4.919129014015197754e-01,-4.593230485916137695e-01,6.177790760993957520e-01,3.402074053883552551e-02,-1.196806952357292175e-01,-5.577961802482604980e-01,4.597436189651489258e-01,4.484234452247619629e-01,3.508936241269111633e-02
1.824892908334732056e-01,2.242284081876277924e-02,8.584895133972167969e-01,-9.719260036945343018e-02,7.310662884265184402e-03,9.701135754585266113e-01,-2.222158014774322510e-01,-1.547277420759201050e-01,-1.330792009830474854e-01,6.193245574831962585e-02,2.422077208757400513e-01,-3.827874064445495605e-01,1.438813954591751099e-01,-5.025926232337951660e-01,-1.149213686585426331e-01,-4.203616455197334290e-02,9.524026513099670410e-02,9.309625625610351562e-02,2.166225910186767578e-01,-2.943761348724365234e-01,-1.971319317817687988e-01,4.747107625007629395e-01,-4.850116074085235596e-01,6.574713587760925293e-01,3.695577010512351990e-02,-1.214489042758941650e-01,-5.399707555770874023e-01,4.899471104145050049e-01,4.404861629009246826e-01,2.590521797537803650e-02
1.917680650949478149e-01,3.384976461529731750e-02,8.629864454269409180e-01,-1.005722060799598694e-01,2.754299668595194817e-03,9.762513637542724609e-01,-1.918617486953735352e-01,-1.604579240083694458e-01,-9.745923429727554321e-02,1.239921152591705322e-01,2.034207135438919067e-01,-3.590190708637237549e-01,1.354346275329589844e-01,-4.842812120914459229e-01,-1.277167797088623047e-01,-8.622223883867263794e-02,1.180730760097503662e-01,7.553736120462417603e-02,1.975516527891159058e-01,-2.827858924865722656e-01,-1.879626661539077759e-01,4.642768204212188721e-01,-5.055434703826904297e-01,7.016034126281738281e-01,3.965833410620689392e-02,-1.192113831639289856e-01,-5.208725929260253906e-01,5.138578414916992188e-01,4.516230821609497070e-01,1.539998967200517654e-02
2.029152363538742065e-01,5.056477710604667664e-02,8.678629994392395020e-01,-1.028144434094429016e-01,-1.583158504217863083e-03,9.822674989700317383e-01,-1.567713767290115356e-01,-1.609942018985748291e-01,-5.342980474233627319e-02,1.941199451684951782e-01,1.560708135366439819e-01,-3.324828743934631348e-01,1.298424899578094482e-01,-4.497353434562683105e-01,-1.384336054325103760e-01,-1.217204332351684570e-01,1.483550369739532471e-01,4.176466166973114014e-02,1.770653724670410156e-01,-2.714771032333374023e-01,-1.934542357921600342e-01,4.628834724426269531e-01,-5.215324759483337402e-01,7.398194074630737305e-01,4.748044535517692566e-02,-1.216901168227195740e-01,-5.013369917869567871e-01,5.442768931388854980e-01,4.443539679050445557e-01,-1.029921788722276688e-02
2.174435406923294067e-01,6.721684336662292480e-02,8.724933862686157227e-01,-1.075800657272338867e-01,-7.712832186371088028e-03,9.871201515197753906e-01,-1.181560456752777100e-01,-1.664956808090209961e-01,-5.205341149121522903e-03,2.788046002388000488e-01,1.058242097496986389e-01,-2.994585037231445312e-01,1.131663098931312561e-01,-4.098950922489166260e-01,-1.617727130651473999e-01,-1.746753454208374023e-01,1.786734610795974731e-01,1.266528386622667313e-02,1.559971123933792114e-01,-2.466085404157638550e-01,-1.904294937849044800e-01,4.594611525535583496e-01,-5.491492152214050293e-01,7.888120412826538086e-01,6.227714940905570984e-02,-1.281045675277709961e-01,-4.833307266235351562e-01,5.943546891212463379e-01,4.561762213706970215e-01,-5.365998670458793640e-02
2.328697741031646729e-01,7.779344171285629272e-02,8.766745328903198242e-01,-1.109417378902435303e-01,-1.628118380904197693e-02,9.901931881904602051e-01,-8.333250135183334351e-02,-1.719045042991638184e-01,3.868780285120010376e-02,3.502399027347564697e-01,6.603432446718215942e-02,-2.637003660202026367e-01,9.422891587018966675e-02,-3.623085021972656250e-01,-1.943901479244232178e-01,-2.174053192138671875e-01,2.036455124616622925e-01,-5.084315780550241470e-03,1.366213411092758179e-01,-2.183884680271148682e-01,-1.909983754158020020e-01,4.499140083789825439e-01,-5.660625100135803223e-01,8.304407596588134766e-01,6.172768399119377136e-02,-1.327045261859893799e-01,-4.551747739315032959e-01,6.220251321792602539e-01,4.849342703819274902e-01,-7.990707457065582275e-02
2.450626641511917114e-01,8.734226226806640625e-02,8.793841600418090820e-01,-1.136639565229415894e-01,-2.368754334747791290e-02,9.919749498367309570e-01,-5.005048215389251709e-02,-1.752824932336807251e-01,8.049576729536056519e-02,4.092241525650024414e-01,3.995930776000022888e-02,-2.338694334030151367e-01,7.693641632795333862e-02,-3.129242658615112305e-01,-2.264432460069656372e-01,-2.557380795478820801e-01,2.083403617143630981e-01,-5.984717980027198792e-03,1.341227740049362183e-01,-1.833178102970123291e-01,-1.974942088127136230e-01,4.373565912246704102e-01,-5.775508284568786621e-01,8.790881633758544922e-01,4.581331834197044373e-02,-1.488908976316452026e-01,-4.340380430221557617e-01,6.580245494842529297e-01,5.323138236999511719e-01,-1.018717437982559204e-01
2.493508756160736084e-01,9.193508327007293701e-02,8.810357451438903809e-01,-1.193896234035491943e-01,-3.032235614955425262e-02,9.920411109924316406e-01,-2.609740570187568665e-02,-1.764537543058395386e-01,1.102928295731544495e-01,4.547177553176879883e-01,1.767580024898052216e-02,-2.120087593793869019e-01,6.043665111064910889e-02,-2.779027819633483887e-01,-2.514083385467529297e-01,-2.827679216861724854e-01,1.993416249752044678e-01,1.240278035402297974e-02,1.354636698961257935e-01,-1.491240262985229492e-01,-2.059730291366577148e-01,4.187257289886474609e-01,-5.831129550933837891e-01,9.222832322120666504e-01,3.724395483732223511e-02,-1.646392196416854858e-01,-4.171605408191680908e-01,6.989496350288391113e-01,5.626400113105773926e-01,-1.291462481021881104e-01
2.540960013866424561e-01,9.821764379739761353e-02,8.818987607955932617e-01,-1.271379739046096802e-01,-3.368854522705078125e-02,9.912717342376708984e-01,9.023335762321949005e-03,-1.813634485006332397e-01,1.428713798522949219e-01,5.191054940223693848e-01,8.339016698300838470e-03,-2.007969766855239868e-01,5.700607597827911377e-02,-2.279499918222427368e-01,-2.813159227371215820e-01,-3.387331664562225342e-01,1.897678971290588379e-01,2.021756581962108612e-02,1.389743089675903320e-01,-1.106778457760810852e-01,-2.157578766345977783e-01,4.065977036952972412e-01,-5.801588892936706543e-01,9.576480388641357422e-01,2.459703385829925537e-02,-1.883924156427383423e-01,-4.004785418510437012e-01,7.273480296134948730e-01,6.043279170989990234e-01,-1.400159150362014771e-01
2.649506926536560059e-01,1.043239533901214600e-01,8.823786377906799316e-01,-1.330162882804870605e-01,-3.882595151662826538e-02,9.897282123565673828e-01,3.517421707510948181e-02,-1.907269954681396484e-01,1.737614572048187256e-01,5.648712515830993652e-01,-9.412086568772792816e-03,-1.836986690759658813e-01,4.710777476429939270e-02,-1.890082657337188721e-01,-3.023202419281005859e-01,-3.807011544704437256e-01,1.789288371801376343e-01,4.060304537415504456e-02,1.440942734479904175e-01,-7.166446745395660400e-02,-2.278912812471389771e-01,3.883795738220214844e-01,-5.643119812011718750e-01,9.966290593147277832e-01,5.025737918913364410e-03,-2.045651078224182129e-01,-3.804923295974731445e-01,7.499077916145324707e-01,6.479207277297973633e-01,-1.478421539068222046e-01
2.727993726730346680e-01,1.085619404911994934e-01,8.827461600303649902e-01,-1.385775208473205566e-01,-4.425536096096038818e-02,9.876223206520080566e-01,5.865015089511871338e-02,-1.971095204353332520e-01,2.019202560186386108e-01,5.928615331649780273e-01,-2.465229481458663940e-02,-1.686909496784210205e-01,4.504891484975814819e-02,-1.598882973194122314e-01,-3.128150105476379395e-01,-4.000847935676574707e-01,1.685467213392257690e-01,5.740170553326606750e-02,1.503488868474960327e-01,-3.795879334211349487e-02,-2.399492710828781128e-01,3.634518384933471680e-01,-5.385834574699401855e-01,1.046380400657653809e+00,-3.075734153389930725e-02,-2.236433476209640503e-01,-3.588328957557678223e-01,7.693679928779602051e-01,6.937313079833984375e-01,-1.446771919727325439e-01
2.829837799072265625e-01,1.166371554136276245e-01,8.826414346694946289e-01,-1.438027471303939819e-01,-4.590530693531036377e-02,9.850358963012695312e-01,8.317320793867111206e-02,-2.082019001245498657e-01,2.321534156799316406e-01,6.224332451820373535e-01,-2.921509556472301483e-02,-1.503592431545257568e-01,4.351663216948509216e-02,-1.413732469081878662e-01,-3.196561336517333984e-01,-4.224257171154022217e-01,1.486586183309555054e-01,7.462734729051589966e-02,1.607894003391265869e-01,-5.977931898087263107e-03,-2.485819011926651001e-01,3.319089710712432861e-01,-5.189935564994812012e-01,1.093486189842224121e+00,-6.170085445046424866e-02,-2.413677126169204712e-01,-3.399145603179931641e-01,7.991529703140258789e-01,7.358087897300720215e-01,-1.420219838619232178e-01
2.864642739295959473e-01,1.239614635705947876e-01,8.823733925819396973e-01,-1.505338996648788452e-01,-4.729434475302696228e-02,9.824993014335632324e-01,9.898457676172256470e-02,-2.160464078187942505e-01,2.560291588306427002e-01,6.478032469749450684e-01,-3.424693271517753601e-02,-1.362517476081848145e-01,3.509004414081573486e-02,-1.318994462490081787e-01,-3.146211206912994385e-01,-4.324017763137817383e-01,1.314610838890075684e-01,8.546174317598342896e-02,1.710754036903381348e-01,1.269320491701364517e-02,-2.569490373134613037e-01,2.997121810913085938e-01,-5.004679560661315918e-01,1.129493594169616699e+00,-8.866309374570846558e-02,-2.532928586006164551e-01,-3.210697472095489502e-01,8.207688331604003906e-01,7.668480277061462402e-01,-1.328446716070175171e-01
2.998732924461364746e-01,1.346619874238967896e-01,8.815053701400756836e-01,-1.550632715225219727e-01,-4.681112617254257202e-02,9.794598817825317383e-01,1.200932860374450684e-01,-2.296523898839950562e-01,2.880862057209014893e-01,6.862039566040039062e-01,-3.433908522129058838e-02,-1.142345592379570007e-01,2.201259136199951172e-02,-1.285953223705291748e-01,-3.083405196666717529e-01,-4.542463123798370361e-01,1.041794791817665100e-01,8.582110702991485596e-02,1.865981519222259521e-01,3.041179850697517395e-02,-2.657939195632934570e-01,2.690642476081848145e-01,-4.812207520008087158e-01,1.171284914016723633e+00,-1.153803467750549316e-01,-2.621817290782928467e-01,-3.096998035907745361e-01,8.437306880950927734e-01,7.997958660125732422e-01,-1.181288585066795349e-01
3.102642595767974854e-01,1.462003737688064575e-01,8.805066943168640137e-01,-1.591104120016098022e-01,-4.463206231594085693e-02,9.766011834144592285e-01,1.376298069953918457e-01,-2.381437420845031738e-01,3.158070445060729980e-01,7.231504917144775391e-01,-3.388793021440505981e-02,-9.244608134031295776e-02,7.028998341411352158e-03,-1.339563131332397461e-01,-2.915176749229431152e-01,-4.641707837581634521e-01,7.408095151185989380e-02,7.236886769533157349e-02,1.970584243535995483e-01,3.808872401714324951e-02,-2.699635028839111328e-01,2.413653731346130371e-01,-4.701878726482391357e-01,1.212683796882629395e+00,-1.326341778039932251e-01,-2.673498988151550293e-01,-3.026208877563476562e-01,8.663709163665771484e-01,8.371973633766174316e-01,-1.052733361721038818e-01
3.218992650508880615e-01,1.606452018022537231e-01,8.793685436248779297e-01,-1.605614572763442993e-01,-4.068318009376525879e-02,9.743725061416625977e-01,1.521942466497421265e-01,-2.436991780996322632e-01,3.432332873344421387e-01,7.506386637687683105e-01,-3.079701587557792664e-02,-6.446650624275207520e-02,-1.060556061565876007e-02,-1.447196155786514282e-01,-2.690400779247283936e-01,-4.603083431720733643e-01,4.248312115669250488e-02,4.393792524933815002e-02,2.024925202131271362e-01,3.774878755211830139e-02,-2.661186158657073975e-01,2.180583029985427856e-01,-4.594236612319946289e-01,1.248367905616760254e+00,-1.521360427141189575e-01,-2.679159641265869141e-01,-2.995726764202117920e-01,8.853529691696166992e-01,8.734011054039001465e-01,-1.002615764737129211e-01
3.323428332805633545e-01,1.767290383577346802e-01,8.785287737846374512e-01,-1.602011919021606445e-01,-3.679901361465454102e-02,9.724671840667724609e-01,1.651939004659652710e-01,-2.424675822257995605e-01,3.715302348136901855e-01,7.750401496887207031e-01,-2.796423994004726410e-02,-3.293964639306068420e-02,-2.966248057782649994e-02,-1.532845795154571533e-01,-2.439994513988494873e-01,-4.486607015132904053e-01,2.338762395083904266e-02,1.042238343507051468e-02,1.985665857791900635e-01,2.699941769242286682e-02,-2.662305831909179688e-01,1.988112479448318481e-01,-4.433875083923339844e-01,1.276647925376892090e+00,-1.712602525949478149e-01,-2.614196240901947021e-01,-3.052838146686553955e-01,8.940161466598510742e-01,9.062091112136840820e-01,-9.922166913747787476e-02
3.403856456279754639e-01,1.915950030088424683e-01,8.780821561813354492e-01,-1.576513946056365967e-01,-3.286046162247657776e-02,9.708936810493469238e-01,1.772899031639099121e-01,-2.332786768674850464e-01,3.944013118743896484e-01,7.857332825660705566e-01,-2.678461931645870209e-02,-2.004641573876142502e-03,-4.757110029458999634e-02,-1.570253968238830566e-01,-2.227010875940322876e-01,-4.305269420146942139e-01,9.433493018150329590e-03,-2.373022772371768951e-02,1.894705146551132202e-01,1.118701789528131485e-02,-2.673106491565704346e-01,1.927463263273239136e-01,-4.412058591842651367e-01,1.296283721923828125e+00,-1.637477278709411621e-01,-2.589413225650787354e-01,-3.255507349967956543e-01,9.018833637237548828e-01,9.305858612060546875e-01,-1.158961802721023560e-01
3.500811159610748291e-01,2.026104480028152466e-01,8.781644701957702637e-01,-1.518578082323074341e-01,-2.835547178983688354e-02,9.695255756378173828e-01,1.901455074548721313e-01,-2.219547480344772339e-01,4.114335477352142334e-01,7.917067408561706543e-01,-1.938891224563121796e-02,2.324957400560379028e-02,-5.452372878789901733e-02,-1.596464812755584717e-01,-2.076040059328079224e-01,-4.144681394100189209e-01,8.304228686029091477e-05,-5.257589370012283325e-02,1.746200621128082275e-01,-1.190824247896671295e-02,-2.722309231758117676e-01,1.925890743732452393e-01,-4.407664537429809570e-01,1.305845737457275391e+00,-1.530379503965377808e-01,-2.408638000488281250e-01,-3.488337099552154541e-01,8.959338665008544922e-01,9.658564925193786621e-01,-1.313614994287490845e-01
3.618979752063751221e-01,2.119215726852416992e-01,8.788439631462097168e-01,-1.399579644203186035e-01,-2.375077456235885620e-02,9.679177403450012207e-01,2.073231935501098633e-01,-1.984480768442153931e-01,4.262490570545196533e-01,8.007500171661376953e-01,-8.354802615940570831e-03,4.404205828905105591e-02,-5.794951692223548889e-02,-1.560515165328979492e-01,-1.949236243963241577e-01,-3.897860050201416016e-01,-7.536733988672494888e-03,-7.577596604824066162e-02,1.664099991321563721e-01,-4.007593914866447449e-02,-2.908764779567718506e-01,2.134208530187606812e-01,-4.388224482536315918e-01,1.316392421722412109e+00,-1.360095292329788208e-01,-2.300899326801300049e-01,-3.919819891452789307e-01,8.853298425674438477e-01,1.008844614028930664e+00,-1.646580398082733154e-01
3.742463588714599609e-01,2.215530872344970703e-01,8.801164627075195312e-01,-1.241856664419174194e-01,-1.700345054268836975e-02,9.666234254837036133e-01,2.234456092119216919e-01,-1.723535507917404175e-01,4.277029633522033691e-01,7.873159646987915039e-01,7.436249143211171031e-05,5.304634943604469299e-02,-6.238177046179771423e-02,-1.438015699386596680e-01,-1.891851425170898438e-01,-3.679362535476684570e-01,-1.491241995245218277e-02,-9.872893989086151123e-02,1.596246808767318726e-01,-6.214811652898788452e-02,-3.285450637340545654e-01,2.632900476455688477e-01,-4.585373699665069580e-01,1.304454088211059570e+00,-9.094542264938354492e-02,-2.032208144664764404e-01,-4.526419043540954590e-01,8.769332766532897949e-01,1.026947617530822754e+00,-2.017064988613128662e-01
3.818291425704956055e-01,2.359740436077117920e-01,8.819794654846191406e-01,-1.064748838543891907e-01,-7.822637446224689484e-03,9.636594653129577637e-01,2.448721230030059814e-01,-1.441678553819656372e-01,4.217732250690460205e-01,7.581627964973449707e-01,2.442566305398941040e-02,4.505031183362007141e-02,-6.073471531271934509e-02,-1.232109218835830688e-01,-1.859537959098815918e-01,-3.390037119388580322e-01,-2.323862910270690918e-02,-1.239789053797721863e-01,1.516420990228652954e-01,-7.227454334497451782e-02,-3.977864980697631836e-01,3.642748296260833740e-01,-4.816112220287322998e-01,1.283453822135925293e+00,-2.214025706052780151e-02,-1.706375032663345337e-01,-5.522047877311706543e-01,8.683098554611206055e-01,1.037141442298889160e+00,-2.602885365486145020e-01
3.888574242591857910e-01,2.437140792608261108e-01,8.839620947837829590e-01,-9.699968248605728149e-02,-2.170653548091650009e-03,9.614620208740234375e-01,2.572490572929382324e-01,-1.428993642330169678e-01,4.058539569377899170e-01,7.259525656700134277e-01,4.779672250151634216e-02,2.013674378395080566e-02,-5.413040518760681152e-02,-1.178646236658096313e-01,-1.832628846168518066e-01,-3.178910017013549805e-01,-2.466195262968540192e-02,-1.336204409599304199e-01,1.481270641088485718e-01,-7.435613125562667847e-02,-4.557439684867858887e-01,4.404985606670379639e-01,-4.859653115272521973e-01,1.265925288200378418e+00,-9.902763180434703827e-03,-1.493159681558609009e-01,-6.129738092422485352e-01,8.449498414993286133e-01,1.046234369277954102e+00,-2.759037613868713379e-01
3.892030417919158936e-01,2.528350055217742920e-01,8.865815997123718262e-01,-8.318877220153808594e-02,4.764431156218051910e-03,9.574818611145019531e-01,2.761981189250946045e-01,-1.358252167701721191e-01,3.798748850822448730e-01,7.169107198715209961e-01,9.635174274444580078e-02,-6.656493991613388062e-03,-3.659427538514137268e-02,-9.970498830080032349e-02,-1.871783584356307983e-01,-2.843171358108520508e-01,-2.469612285494804382e-02,-1.440535187721252441e-01,1.576064378023147583e-01,-9.269996732473373413e-02,-6.006250381469726562e-01,6.179682016372680664e-01,-5.683457851409912109e-01,1.217510461807250977e+00,8.146664500236511230e-02,-1.412170529365539551e-01,-7.393496632575988770e-01,8.376933932304382324e-01,1.050653815269470215e+00,-3.248661458492279053e-01
3.902418613433837891e-01,2.619085013866424561e-01,8.890738487243652344e-01,-7.082429528236389160e-02,1.068858616054058075e-02,9.522355198860168457e-01,2.968454062938690186e-01,-1.387998610734939575e-01,3.598003089427947998e-01,6.846137642860412598e-01,1.422620266675949097e-01,-2.135118283331394196e-02,-2.668330073356628418e-02,-8.568090200424194336e-02,-1.884561330080032349e-01,-2.562133073806762695e-01,-2.561315521597862244e-02,-1.500809043645858765e-01,1.678505688905715942e-01,-1.036168783903121948e-01,-7.880706787109375000e-01,8.360862731933593750e-01,-6.499819755554199219e-01,1.152220249176025391e+00,1.738848984241485596e-01,-1.340604424476623535e-01,-8.822939395904541016e-01,7.868746519088745117e-01,1.030389070510864258e+00,-3.679555654525756836e-01
3.884401321411132812e-01,2.659270763397216797e-01,8.920581936836242676e-01,-5.866085365414619446e-02,1.743028126657009125e-02,9.475679397583007812e-01,3.136401176452636719e-01,-1.568912863731384277e-01,3.468069732189178467e-01,6.644145846366882324e-01,2.086370438337326050e-01,-2.069271542131900787e-02,-1.999354921281337738e-02,-7.468326389789581299e-02,-2.039933651685714722e-01,-2.386526763439178467e-01,-1.808319427073001862e-02,-1.519533395767211914e-01,1.863799989223480225e-01,-1.227580979466438293e-01,-1.033953189849853516e+00,1.057890534400939941e+00,-7.884324789047241211e-01,1.101452469825744629e+00,2.630337774753570557e-01,-1.480167359113693237e-01,-1.033002495765686035e+00,7.168965339660644531e-01,1.027743220329284668e+00,-3.885576426982879639e-01
3.830211162567138672e-01,2.706994116306304932e-01,8.947902917861938477e-01,-4.780477285385131836e-02,2.079496160149574280e-02,9.410907030105590820e-01,3.341116011142730713e-01,-1.694374084472656250e-01,3.284609317779541016e-01,6.316389441490173340e-01,2.393578141927719116e-01,-1.887937821447849274e-02,-2.846684679388999939e-02,-6.165918335318565369e-02,-2.113019973039627075e-01,-2.028000652790069580e-01,-1.192267797887325287e-02,-1.436751782894134521e-01,2.020475715398788452e-01,-1.294718086719512939e-01,-1.321324586868286133e+00,1.215100169181823730e+00,-9.584980607032775879e-01,1.067049622535705566e+00,2.958609163761138916e-01,-1.718753576278686523e-01,-1.164129853248596191e+00,6.560528278350830078e-01,1.020242214202880859e+00,-3.767735660076141357e-01
3.781920969486236572e-01,2.736915051937103271e-01,8.968079090118408203e-01,-3.802070394158363342e-02,2.425064891576766968e-02,9.368446469306945801e-01,3.468262553215026855e-01,-1.636535525321960449e-01,3.033789992332458496e-01,6.163539290428161621e-01,2.408148646354675293e-01,-2.994146570563316345e-02,-3.040079027414321899e-02,-4.712846130132675171e-02,-2.234103679656982422e-01,-1.843262761831283569e-01,-4.695844370871782303e-03,-1.411082297563552856e-01,2.168533056974411011e-01,-1.249284148216247559e-01,-1.472286224365234375e+00,1.276592731475830078e+00,-1.051768660545349121e+00,1.048185110092163086e+00,3.081241846084594727e-01,-1.835769563913345337e-01,-1.235503911972045898e+00,6.163136959075927734e-01,1.033159136772155762e+00,-3.583590984344482422e-01
3.723838329315185547e-01,2.755934298038482666e-01,8.978344202041625977e-01,-3.338643535971641541e-02,1.963736675679683685e-02,9.314709901809692383e-01,3.617479205131530762e-01,-1.916876584291458130e-01,3.048638999462127686e-01,5.868301391601562500e-01,2.518585026264190674e-01,-2.836708351969718933e-02,-4.781414568424224854e-02,-3.434266522526741028e-02,-2.146893143653869629e-01,-1.598440259695053101e-01,-1.039672084152698517e-02,-1.255022883415222168e-01,2.278203219175338745e-01,-1.103869900107383728e-01,-1.863420248031616211e+00,1.289131283760070801e+00,-1.348366618156433105e+00,1.070905089378356934e+00,2.718826830387115479e-01,-1.696008592844009399e-01,-1.321712851524353027e+00,5.138107538223266602e-01,1.038594126701354980e+00,-3.131033182144165039e-01
3.591724634170532227e-01,2.808858454227447510e-01,8.982133865356445312e-01,-1.676536910235881805e-02,2.716403082013130188e-02,9.276755452156066895e-01,3.720203638076782227e-01,-1.771505475044250488e-01,2.679826319217681885e-01,5.879107713699340820e-01,2.452679276466369629e-01,-2.496690675616264343e-02,-5.541051924228668213e-02,-2.131002256646752357e-03,-2.521307468414306641e-01,-1.410084515810012817e-01,8.227205835282802582e-03,-1.423607468605041504e-01,2.472289353609085083e-01,-8.823452144861221313e-02,-2.008897781372070312e+00,1.280008435249328613e+00,-1.399998664855957031e+00,1.065825223922729492e+00,3.176877498626708984e-01,-1.784273386001586914e-01,-1.428886413574218750e+00,4.539278149604797363e-01,1.054210543632507324e+00,-2.992098629474639893e-01
3.508269190788269043e-01,2.877097129821777344e-01,8.971291780471801758e-01,-3.729893593117594719e-03,3.593136370182037354e-02,9.231854081153869629e-01,3.826535642147064209e-01,-1.634887009859085083e-01,2.310094684362411499e-01,5.768583416938781738e-01,2.199053913354873657e-01,-3.018134273588657379e-02,-6.121498346328735352e-02,1.641998067498207092e-02,-2.838225066661834717e-01,-1.191505044698715210e-01,2.540079504251480103e-02,-1.668820828199386597e-01,2.596585750579833984e-01,-5.920034274458885193e-02,-2.100270509719848633e+00,1.251188874244689941e+00,-1.399999976158142090e+00,1.061014771461486816e+00,3.763125240802764893e-01,-1.793896555900573730e-01,-1.514023542404174805e+00,3.829307854175567627e-01,1.057296991348266602e+00,-2.937306761741638184e-01
3.371443748474121094e-01,2.961842715740203857e-01,8.949785828590393066e-01,7.821197621524333954e-03,4.072206839919090271e-02,9.183055162429809570e-01,3.936947584152221680e-01,-1.521424055099487305e-01,2.064563482999801636e-01,5.543883442878723145e-01,2.073151767253875732e-01,-3.228654339909553528e-02,-6.644283980131149292e-02,4.187382757663726807e-02,-3.092495203018188477e-01,-8.778746426105499268e-02,4.262055456638336182e-02,-1.993464529514312744e-01,2.610062360763549805e-01,-3.415047377347946167e-02,-2.188559293746948242e+00,1.220261454582214355e+00,-1.399999976158142090e+00,1.064684152603149414e+00,4.135994613170623779e-01,-1.772994995117187500e-01,-1.581947326660156250e+00,3.153662681579589844e-01,1.026531696319580078e+00,-2.844876945018768311e-01
3.254931867122650146e-01,3.002336323261260986e-01,8.913242220878601074e-01,1.570279896259307861e-02,4.556183889508247375e-02,9.153475761413574219e-01,3.997704088687896729e-01,-1.376870721578598022e-01,1.946226358413696289e-01,5.559801459312438965e-01,2.066347301006317139e-01,-4.198068752884864807e-02,-6.937528401613235474e-02,5.467442050576210022e-02,-3.354296386241912842e-01,-8.052977174520492554e-02,6.343410164117813110e-02,-2.357860654592514038e-01,2.617996931076049805e-01,-6.089584436267614365e-03,-2.257325649261474609e+00,1.189633846282958984e+00,-1.399999976158142090e+00,1.067939996719360352e+00,4.386271536350250244e-01,-1.732260733842849731e-01,-1.645404219627380371e+00,2.471703141927719116e-01,9.938529729843139648e-01,-2.564980685710906982e-01
3.083953857421875000e-01,3.057845532894134521e-01,8.863813281059265137e-01,2.670135349035263062e-02,5.004534497857093811e-02,9.119135141372680664e-01,4.064434170722961426e-01,-1.178668141365051270e-01,1.690085828304290771e-01,5.317559838294982910e-01,2.104811817407608032e-01,-5.853717029094696045e-02,-6.557540595531463623e-02,7.734772562980651855e-02,-3.697366416454315186e-01,-6.135473027825355530e-02,9.152221679687500000e-02,-2.802546918392181396e-01,2.617999911308288574e-01,1.575135067105293274e-02,-2.335570096969604492e+00,1.162332177162170410e+00,-1.399999976158142090e+00,1.074345469474792480e+00,4.733594954013824463e-01,-1.784550547599792480e-01,-1.715143680572509766e+00,1.761469542980194092e-01,9.569976925849914551e-01,-2.364029288291931152e-01
2.921071946620941162e-01,3.098894357681274414e-01,8.801761269569396973e-01,3.935582935810089111e-02,5.528194829821586609e-02,9.085740447044372559e-01,4.121750593185424805e-01,-9.912660717964172363e-02,1.416933834552764893e-01,5.049050450325012207e-01,2.321548014879226685e-01,-7.835394889116287231e-02,-6.328433007001876831e-02,9.524331241846084595e-02,-4.127376377582550049e-01,-4.463948681950569153e-02,1.308953464031219482e-01,-3.360077142715454102e-01,2.617980241775512695e-01,2.875732257962226868e-02,-2.409382343292236328e+00,1.136512398719787598e+00,-1.399999976158142090e+00,1.063172459602355957e+00,4.889735579490661621e-01,-1.974842101335525513e-01,-1.790647983551025391e+00,1.129645854234695435e-01,8.921698331832885742e-01,-2.204405069351196289e-01
2.735731899738311768e-01,3.097408115863800049e-01,8.730952143669128418e-01,5.217167735099792480e-02,5.912498012185096741e-02,9.064880013465881348e-01,4.148033857345581055e-01,-7.558001577854156494e-02,1.113164499402046204e-01,4.824320971965789795e-01,2.626860141754150391e-01,-1.110708191990852356e-01,-6.131919473409652710e-02,1.124168038368225098e-01,-4.582207202911376953e-01,-3.851493448019027710e-02,1.754093319177627563e-01,-3.790960907936096191e-01,2.617999017238616943e-01,3.753046318888664246e-02,-2.471106290817260742e+00,1.116976022720336914e+00,-1.399999976158142090e+00,1.046297669410705566e+00,5.094234943389892578e-01,-2.303086519241333008e-01,-1.863475322723388672e+00,6.878838688135147095e-02,8.328851461410522461e-01,-2.029804885387420654e-01
2.569126486778259277e-01,3.098692595958709717e-01,8.652672767639160156e-01,6.644871085882186890e-02,6.662829220294952393e-02,9.054356217384338379e-01,4.139222204685211182e-01,-6.133011728525161743e-02,7.023864984512329102e-02,4.716197252273559570e-01,3.134043514728546143e-01,-1.683624833822250366e-01,-4.493539407849311829e-02,1.179257333278656006e-01,-5.152062773704528809e-01,-3.047080338001251221e-02,2.437236011028289795e-01,-4.288696646690368652e-01,2.617999911308288574e-01,4.043567553162574768e-02,-2.533010482788085938e+00,1.109198927879333496e+00,-1.399999976158142090e+00,1.026509881019592285e+00,5.292189121246337891e-01,-3.193606436252593994e-01,-1.954748153686523438e+00,5.910379812121391296e-02,7.465493083000183105e-01,-1.675853729248046875e-01
2.395671755075454712e-01,3.106264770030975342e-01,8.570750355720520020e-01,7.514055073261260986e-02,7.378360629081726074e-02,9.036017656326293945e-01,4.152273535728454590e-01,-5.178926512598991394e-02,3.438366577029228210e-02,4.606171548366546631e-01,3.548124134540557861e-01,-2.228757590055465698e-01,-2.478041313588619232e-02,1.083445027470588684e-01,-5.667528510093688965e-01,-2.603285759687423706e-02,3.158730864524841309e-01,-4.580762982368469238e-01,2.617999911308288574e-01,4.908955097198486328e-02,-2.587502956390380859e+00,1.101832270622253418e+00,-1.399999976158142090e+00,1.008113145828247070e+00,5.184637904167175293e-01,-5.194500088691711426e-01,-2.038964271545410156e+00,1.817448288202285767e-01,6.586180925369262695e-01,-1.371452659368515015e-01
2.201782017946243286e-01,3.118636906147003174e-01,8.490220308303833008e-01,8.030332624912261963e-02,7.994718849658966064e-02,9.028134346008300781e-01,4.148345589637756348e-01,-6.040061265230178833e-02,3.531172173097729683e-03,4.501989483833312988e-01,4.287319183349609375e-01,-2.783158123493194580e-01,-7.556627388112246990e-04,8.939036726951599121e-02,-6.180232763290405273e-01,-2.596581168472766876e-02,4.001160264015197754e-01,-4.629329741001129150e-01,2.617999911308288574e-01,8.145339041948318481e-02,-2.676060438156127930e+00,1.064920544624328613e+00,-1.399999976158142090e+00,9.954844713211059570e-01,4.998658001422882080e-01,-8.481612205505371094e-01,-2.159374713897705078e+00,4.008505642414093018e-01,5.205050706863403320e-01,-9.010736644268035889e-02
2.024079263210296631e-01,3.144171535968780518e-01,8.396266698837280273e-01,8.144399523735046387e-02,7.987095415592193604e-02,9.029073715209960938e-01,4.144223034381866455e-01,-7.520057260990142822e-02,-5.827073939144611359e-03,4.398076534271240234e-01,5.092600584030151367e-01,-3.433552086353302002e-01,1.998738199472427368e-02,7.054959982633590698e-02,-6.522213220596313477e-01,-2.534438297152519226e-02,4.828146398067474365e-01,-4.637504816055297852e-01,2.617999911308288574e-01,1.036523357033729553e-01,-2.768193244934082031e+00,1.015627861022949219e+00,-1.399999976158142090e+00,9.796143770217895508e-01,4.499538838863372803e-01,-1.168943643569946289e+00,-2.251234292984008789e+00,6.018720865249633789e-01,3.648360371589660645e-01,-8.278859406709671021e-02
1.861588358879089355e-01,3.119814395904541016e-01,8.297466635704040527e-01,9.347348660230636597e-02,7.297015935182571411e-02,9.023668766021728516e-01,4.143332839012145996e-01,-6.935919076204299927e-02,-1.230168342590332031e-02,4.357658922672271729e-01,5.950682163238525391e-01,-4.022218883037567139e-01,3.968904539942741394e-02,7.619248330593109131e-02,-6.814904212951660156e-01,-1.088320650160312653e-02,5.669381618499755859e-01,-4.545904695987701416e-01,2.617999911308288574e-01,8.591175079345703125e-02,-2.826977491378784180e+00,9.856435656547546387e-01,-1.399999976158142090e+00,9.811304211616516113e-01,4.146680533885955811e-01,-1.308199763298034668e+00,-2.251499891281127930e+00,6.307480335235595703e-01,2.657759785652160645e-01,-1.110495701432228088e-01
1.728368401527404785e-01,3.130554258823394775e-01,8.190016150474548340e-01,1.067975461483001709e-01,7.128298282623291016e-02,9.026697874069213867e-01,4.107313454151153564e-01,-5.521574243903160095e-02,-3.262676671147346497e-02,4.256943762302398682e-01,6.587980389595031738e-01,-4.649333953857421875e-01,5.379130691289901733e-02,8.681231737136840820e-02,-7.080931663513183594e-01,2.186234295368194580e-02,6.453065276145935059e-01,-4.562137722969055176e-01,2.617999911308288574e-01,5.687225982546806335e-02,-2.877899408340454102e+00,9.589089155197143555e-01,-1.399999976158142090e+00,9.782133698463439941e-01,3.574249148368835449e-01,-1.432072997093200684e+00,-2.251499891281127930e+00,6.427702307701110840e-01,1.720342189073562622e-01,-1.287748664617538452e-01
1.644954085350036621e-01,3.091133236885070801e-01,8.074173927307128906e-01,1.185583397746086121e-01,6.904641538858413696e-02,9.029605984687805176e-01,4.072329699993133545e-01,-4.191961139440536499e-02,-5.766725167632102966e-02,4.108577668666839600e-01,6.953813433647155762e-01,-5.397256016731262207e-01,7.591544091701507568e-02,9.321644157171249390e-02,-7.363547086715698242e-01,4.223637282848358154e-02,6.980860829353332520e-01,-4.683745801448822021e-01,2.617979347705841064e-01,4.379646107554435730e-02,-2.918473243713378906e+00,9.387562870979309082e-01,-1.399999976158142090e+00,9.661692380905151367e-01,3.353574573993682861e-01,-1.537141680717468262e+00,-2.251499891281127930e+00,6.453706622123718262e-01,9.628050774335861206e-02,-1.581723392009735107e-01
1.550800800323486328e-01,3.085030913352966309e-01,7.966324090957641602e-01,1.333486288785934448e-01,6.764349341392517090e-02,9.019255042076110840e-01,4.051824808120727539e-01,-2.322159707546234131e-02,-8.012109249830245972e-02,4.018474221229553223e-01,7.462491393089294434e-01,-5.908248424530029297e-01,9.409271925687789917e-02,1.079376786947250366e-01,-7.635785341262817383e-01,6.788174808025360107e-02,7.491452097892761230e-01,-4.687691032886505127e-01,2.594403326511383057e-01,2.573839388787746429e-02,-2.953609704971313477e+00,9.294195771217346191e-01,-1.399999976158142090e+00,9.495918154716491699e-01,2.803685963153839111e-01,-1.646041274070739746e+00,-2.250896930694580078e+00,6.474521160125732422e-01,1.490016002207994461e-02,-1.539666950702667236e-01
1.460635662078857422e-01,3.077159821987152100e-01,7.870061993598937988e-01,1.478963047266006470e-01,6.584011763334274292e-02,9.004920125007629395e-01,4.036160707473754883e-01,-1.808575238101184368e-03,-9.933053702116012573e-02,3.988105952739715576e-01,7.923796772956848145e-01,-6.325794458389282227e-01,1.035433113574981689e-01,1.321580559015274048e-01,-7.849335670471191406e-01,9.279980510473251343e-02,7.829489707946777344e-01,-4.707014262676239014e-01,2.588861584663391113e-01,1.054872293025255203e-02,-2.993609189987182617e+00,9.225186109542846680e-01,-1.399999976158142090e+00,9.503529667854309082e-01,2.369154989719390869e-01,-1.744397401809692383e+00,-2.250159740447998047e+00,6.509471535682678223e-01,-6.018583476543426514e-02,-1.631034612655639648e-01
1.361881643533706665e-01,3.071298599243164062e-01,7.789031863212585449e-01,1.587018221616744995e-01,6.523086130619049072e-02,8.987658023834228516e-01,4.034583866596221924e-01,2.047669701278209686e-02,-1.206418573856353760e-01,3.988742232322692871e-01,8.212547898292541504e-01,-6.715898513793945312e-01,1.148089170455932617e-01,1.557131558656692505e-01,-8.057902455329895020e-01,1.119692549109458923e-01,7.986198663711547852e-01,-4.661427140235900879e-01,2.595181763172149658e-01,5.817010067403316498e-03,-3.017197132110595703e+00,9.227077960968017578e-01,-1.399999976158142090e+00,9.386808276176452637e-01,2.051472663879394531e-01,-1.834523916244506836e+00,-2.248801708221435547e+00,6.596119403839111328e-01,-1.216124594211578369e-01,-1.666732877492904663e-01
1.241916418075561523e-01,3.064977228641510010e-01,7.746009826660156250e-01,1.657048314809799194e-01,6.325693428516387939e-02,8.979781866073608398e-01,4.027104079723358154e-01,4.163088276982307434e-02,-1.412063241004943848e-01,3.935828208923339844e-01,8.380374312400817871e-01,-6.911256909370422363e-01,1.250982880592346191e-01,1.807541996240615845e-01,-8.147577047348022461e-01,1.323615312576293945e-01,8.005416989326477051e-01,-4.300107359886169434e-01,2.617999911308288574e-01,2.250226214528083801e-03,-3.023926019668579102e+00,9.411795735359191895e-01,-1.399999976158142090e+00,9.334214925765991211e-01,1.605987399816513062e-01,-1.930486202239990234e+00,-2.248305082321166992e+00,6.758977174758911133e-01,-1.827356815338134766e-01,-1.735755503177642822e-01
1.128842383623123169e-01,3.064737915992736816e-01,7.755712866783142090e-01,1.686563342809677124e-01,5.674215406179428101e-02,8.968630433082580566e-01,4.049346446990966797e-01,6.896042078733444214e-02,-1.508872807025909424e-01,3.843173384666442871e-01,8.301997184753417969e-01,-6.950463652610778809e-01,1.328043192625045776e-01,2.065605968236923218e-01,-8.077065944671630859e-01,1.437460333108901978e-01,7.813786864280700684e-01,-3.772181570529937744e-01,2.617999911308288574e-01,1.059596240520477295e-02,-3.008405447006225586e+00,9.767865538597106934e-01,-1.399999976158142090e+00,9.233672618865966797e-01,1.239872500300407410e-01,-2.037896156311035156e+00,-2.248092174530029297e+00,6.859236359596252441e-01,-2.515846192836761475e-01,-1.907843500375747681e-01
1.065394803881645203e-01,3.090308904647827148e-01,7.832674980163574219e-01,1.692935824394226074e-01,5.185565724968910217e-02,8.973399996757507324e-01,4.042667150497436523e-01,9.862019866704940796e-02,-1.520701646804809570e-01,3.764809668064117432e-01,7.950736880302429199e-01,-6.601879000663757324e-01,1.201473325490951538e-01,2.267224043607711792e-01,-7.978816628456115723e-01,1.451556682586669922e-01,7.541871070861816406e-01,-3.107740283012390137e-01,2.617999911308288574e-01,2.107040770351886749e-02,-2.960337400436401367e+00,1.026152491569519043e+00,-1.399999976158142090e+00,9.048252105712890625e-01,9.380796551704406738e-02,-2.158092021942138672e+00,-2.249039173126220703e+00,6.900595426559448242e-01,-3.137704133987426758e-01,-2.305282950401306152e-01
9.006344527006149292e-02,3.171181380748748779e-01,7.965766191482543945e-01,1.605129987001419067e-01,4.419963434338569641e-02,8.975102305412292480e-01,4.083593785762786865e-01,1.437048017978668213e-01,-1.490460932254791260e-01,3.692932426929473877e-01,7.254322171211242676e-01,-6.081299185752868652e-01,1.191514953970909119e-01,2.334960699081420898e-01,-7.969413399696350098e-01,1.194128841161727905e-01,7.037808895111083984e-01,-2.181435376405715942e-01,2.486446499824523926e-01,4.713613167405128479e-02,-2.860946893692016602e+00,1.098403215408325195e+00,-1.399999976158142090e+00,8.508451581001281738e-01,5.348454043269157410e-02,-2.305529356002807617e+00,-2.227083683013916016e+00,6.829214096069335938e-01,-3.486066758632659912e-01,-2.421627193689346313e-01
7.657875865697860718e-02,3.341081440448760986e-01,8.147747516632080078e-01,1.471945643424987793e-01,3.308174759149551392e-02,8.970111012458801270e-01,4.154640734195709229e-01,2.004089206457138062e-01,-1.293486654758453369e-01,3.497589528560638428e-01,6.278589367866516113e-01,-5.254407525062561035e-01,1.288834959268569946e-01,2.499260455369949341e-01,-7.458673715591430664e-01,9.277258068323135376e-02,6.214314699172973633e-01,-7.622369378805160522e-02,2.487691640853881836e-01,7.759115099906921387e-02,-2.705697774887084961e+00,1.211793303489685059e+00,-1.399999976158142090e+00,7.526301145553588867e-01,4.435020312666893005e-02,-2.465688467025756836e+00,-2.171209096908569336e+00,6.405307650566101074e-01,-3.883309960365295410e-01,-2.471950054168701172e-01
7.538008689880371094e-02,3.327403068542480469e-01,8.362895846366882324e-01,1.199362352490425110e-01,9.498239494860172272e-03,9.020066261291503906e-01,4.146192669868469238e-01,2.378998249769210815e-01,-7.159949094057083130e-02,3.069701492786407471e-01,4.894448816776275635e-01,-3.930875658988952637e-01,8.107771724462509155e-02,2.585666775703430176e-01,-6.504275202751159668e-01,7.935707457363605499e-03,5.107055306434631348e-01,5.417590215802192688e-02,2.617999911308288574e-01,1.130833178758621216e-01,-2.517948150634765625e+00,1.343195319175720215e+00,-1.399999976158142090e+00,6.378079056739807129e-01,3.753961250185966492e-02,-2.639108657836914062e+00,-2.092150926589965820e+00,5.808911919593811035e-01,-3.780523240566253662e-01,-3.062074780464172363e-01
7.403850555419921875e-02,3.341663479804992676e-01,8.644684553146362305e-01,1.013083234429359436e-01,-2.055299282073974609e-02,9.098414182662963867e-01,4.018741250038146973e-01,2.689888179302215576e-01,1.953028514981269836e-02,2.576616108417510986e-01,3.886528313159942627e-01,-2.494408041238784790e-01,2.813369035720825195e-02,2.854300737380981445e-01,-5.011029243469238281e-01,-4.683021083474159241e-02,4.130238294601440430e-01,1.949148029088973999e-01,2.617999911308288574e-01,1.010058894753456116e-01,-2.401667356491088867e+00,1.441774964332580566e+00,-1.399675369262695312e+00,5.363253355026245117e-01,-1.685201376676559448e-02,-2.760799646377563477e+00,-1.988408565521240234e+00,5.391225218772888184e-01,-3.629001080989837646e-01,-3.922994434833526611e-01
7.287167012691497803e-02,3.418145179748535156e-01,8.924108743667602539e-01,5.262758582830429077e-02,-8.413587510585784912e-02,9.181931614875793457e-01,3.835007846355438232e-01,2.855504453182220459e-01,1.835884898900985718e-01,1.456086188554763794e-01,2.448490560054779053e-01,-1.549668889492750168e-02,-7.962564378976821899e-02,3.451961576938629150e-01,-2.058992683887481689e-01,-1.391129940748214722e-01,2.087327986955642700e-01,4.015218317508697510e-01,2.617999911308288574e-01,7.704416662454605103e-02,-2.140285015106201172e+00,1.541537404060363770e+00,-1.258869528770446777e+00,4.103354215621948242e-01,-1.574219167232513428e-01,-2.868133068084716797e+00,-1.764721870422363281e+00,4.051332473754882812e-01,-3.571730256080627441e-01,-6.231227517127990723e-01
7.428514957427978516e-02,3.477517664432525635e-01,9.236738085746765137e-01,1.129495538771152496e-02,-1.230556443333625793e-01,9.342202544212341309e-01,3.346076309680938721e-01,2.224012911319732666e-01,3.247503936290740967e-01,7.151893526315689087e-02,2.003823965787887573e-01,2.108752131462097168e-01,-1.896063238382339478e-01,3.009273111820220947e-01,-4.302266985177993774e-03,-2.148643285036087036e-01,1.373886168003082275e-01,5.049517750740051270e-01,2.617999911308288574e-01,1.340470761060714722e-01,-1.725448966026306152e+00,1.378854513168334961e+00,-9.178962111473083496e-01,3.917232155799865723e-01,-1.945702731609344482e-01,-2.785517692565917969e+00,-1.543214559555053711e+00,2.547595202922821045e-01,-3.882481753826141357e-01,-8.115268945693969727e-01
6.547057628631591797e-02,3.494591116905212402e-01,9.548349976539611816e-01,6.651067640632390976e-03,-1.221308782696723938e-01,9.499185085296630859e-01,2.875668406486511230e-01,1.572488844394683838e-01,3.732765018939971924e-01,-2.025287598371505737e-03,1.869557350873947144e-01,3.293118178844451904e-01,-2.617455422878265381e-01,2.299153804779052734e-01,8.061189204454421997e-02,-2.822400927543640137e-01,1.662906408309936523e-01,5.235999822616577148e-01,2.617999911308288574e-01,2.545350193977355957e-01,-1.266669511795043945e+00,1.043433666229248047e+00,-5.237866044044494629e-01,2.725586891174316406e-01,4.578840453177690506e-03,-2.601048469543457031e+00,-1.356221199035644531e+00,2.377555072307586670e-01,-2.713126540184020996e-01,-7.335413694381713867e-01
5.859189853072166443e-02,3.471510410308837891e-01,9.795860052108764648e-01,-2.286737551912665367e-03,-1.144415140151977539e-01,9.653576016426086426e-01,2.344835996627807617e-01,1.537492033094167709e-02,4.085548818111419678e-01,-2.405235730111598969e-02,2.363562583923339844e-01,2.966676354408264160e-01,-2.521793842315673828e-01,1.793672144412994385e-01,1.377305835485458374e-01,-2.688662111759185791e-01,1.309739798307418823e-01,4.738494753837585449e-01,2.617999911308288574e-01,2.478225976228713989e-01,-1.017502069473266602e+00,8.747888207435607910e-01,-3.054151535034179688e-01,4.859644174575805664e-02,1.017516925930976868e-01,-2.499044418334960938e+00,-1.388266801834106445e+00,4.827372431755065918e-01,2.035811841487884521e-01,-3.835496902465820312e-01
5.216791108250617981e-02,3.508588075637817383e-01,9.864109158515930176e-01,-1.196434441953897476e-02,-1.185229718685150146e-01,9.774004817008972168e-01,1.746353656053543091e-01,-1.269824802875518799e-01,4.657777249813079834e-01,-2.976588904857635498e-03,3.258459568023681641e-01,1.982925236225128174e-01,-2.269975095987319946e-01,1.293675303459167480e-01,1.579959392547607422e-01,-2.624309957027435303e-01,1.112933531403541565e-01,4.306902289390563965e-01,2.617999911308288574e-01,1.944587975740432739e-01,-9.126297831535339355e-01,8.147429227828979492e-01,-2.558705210685729980e-01,-1.112243533134460449e-01,1.467634141445159912e-01,-2.628099679946899414e+00,-1.278547048568725586e+00,1.000900387763977051e+00,6.760953068733215332e-01,-1.741316616535186768e-01
4.168516770005226135e-02,3.529145717620849609e-01,9.906269907951354980e-01,-3.447397425770759583e-02,-1.186442673206329346e-01,9.858425259590148926e-01,1.133561506867408752e-01,-3.340461850166320801e-01,4.773054718971252441e-01,1.969881542026996613e-02,4.369194209575653076e-01,1.520558148622512817e-01,-1.975218057632446289e-01,4.195290431380271912e-02,1.339714229106903076e-01,-2.294689416885375977e-01,1.219251975417137146e-01,4.087222516536712646e-01,2.617999911308288574e-01,2.116422206163406372e-01,-9.011982083320617676e-01,6.774213910102844238e-01,-3.120086193084716797e-01,-2.713910937309265137e-01,1.012043431401252747e-01,-2.461107492446899414e+00,-9.984115958213806152e-01,1.399999976158142090e+00,1.091395974159240723e+00,-2.019247859716415405e-01
3.082997724413871765e-02,3.473450541496276855e-01,9.874836206436157227e-01,-4.727894812822341919e-02,-1.450440734624862671e-01,9.870604276657104492e-01,4.938203468918800354e-02,-4.688366949558258057e-01,5.210119485855102539e-01,8.852280676364898682e-03,4.276830255985260010e-01,1.644398123025894165e-01,-2.012632042169570923e-01,1.666077412664890289e-02,1.151347905397415161e-01,-2.290139496326446533e-01,1.524797827005386353e-01,4.354649186134338379e-01,2.617999911308288574e-01,2.113340944051742554e-01,-8.224156498908996582e-01,5.469194054603576660e-01,-3.925063908100128174e-01,-3.591408729553222656e-01,4.717929288744926453e-02,-2.006102085113525391e+00,-7.963992357254028320e-01,1.399999976158142090e+00,1.114596605300903320e+00,-4.175058305263519287e-01
2.045548707246780396e-02,3.359201252460479736e-01,9.793925881385803223e-01,-6.033543124794960022e-02,-1.818994134664535522e-01,9.813858866691589355e-01,-1.240880880504846573e-02,-5.410615801811218262e-01,5.447539091110229492e-01,-2.353603392839431763e-02,3.101041316986083984e-01,1.776603758335113525e-01,-1.875488162040710449e-01,4.110446572303771973e-02,4.961087927222251892e-02,-2.277478426694869995e-01,1.771496981382369995e-01,4.296538531780242920e-01,2.460281550884246826e-01,3.470323085784912109e-01,-7.044647932052612305e-01,4.239521026611328125e-01,-5.184569358825683594e-01,-3.918396830558776855e-01,3.408410400152206421e-02,-1.552386045455932617e+00,-7.267730236053466797e-01,1.399999976158142090e+00,1.020240902900695801e+00,-4.336574673652648926e-01
8.995836600661277771e-03,3.229879438877105713e-01,9.634357690811157227e-01,-8.856784552335739136e-02,-2.040854543447494507e-01,9.726368784904479980e-01,-6.695077568292617798e-02,-6.112304329872131348e-01,5.478433370590209961e-01,3.147123754024505615e-02,2.209742069244384766e-01,1.602672785520553589e-01,-1.512994170188903809e-01,3.727423772215843201e-02,-1.575182005763053894e-02,-2.118439674377441406e-01,2.111294716596603394e-01,4.175273478031158447e-01,2.482675760984420776e-01,4.333049654960632324e-01,-5.717492103576660156e-01,3.908345401287078857e-01,-5.633277893066406250e-01,-3.593524098396301270e-01,4.710947722196578979e-02,-1.243807435035705566e+00,-6.560559868812561035e-01,1.399999976158142090e+00,9.531615972518920898e-01,-3.401098549365997314e-01
-1.843973179347813129e-03,3.115036487579345703e-01,9.409108757972717285e-01,-1.054944247007369995e-01,-2.158365994691848755e-01,9.660608172416687012e-01,-9.493143856525421143e-02,-6.567907333374023438e-01,5.513598918914794922e-01,5.161056667566299438e-02,1.743070483207702637e-01,1.451529264450073242e-01,-1.307965070009231567e-01,7.101328670978546143e-02,-8.572676032781600952e-02,-1.845762878656387329e-01,2.156162261962890625e-01,4.068379700183868408e-01,2.463140934705734253e-01,4.701172113418579102e-01,-4.666683077812194824e-01,3.903086781501770020e-01,-5.249537229537963867e-01,-3.396677672863006592e-01,5.826069787144660950e-02,-1.112793922424316406e+00,-6.033446788787841797e-01,1.393646478652954102e+00,9.166549444198608398e-01,-2.634001970291137695e-01
-1.240093167871236801e-02,3.005464971065521240e-01,9.189870953559875488e-01,-1.338307261466979980e-01,-2.449858337640762329e-01,9.509023427963256836e-01,-1.336265355348587036e-01,-7.387604117393493652e-01,5.688633322715759277e-01,4.545601829886436462e-02,1.699782311916351318e-01,3.551869466900825500e-02,-7.968286424875259399e-02,1.125260740518569946e-01,-1.485644727945327759e-01,-1.404536366462707520e-01,2.734014093875885010e-01,3.292843103408813477e-01,2.137243598699569702e-01,5.227369666099548340e-01,-2.307911217212677002e-01,4.569541215896606445e-01,-4.499616324901580811e-01,-2.616943717002868652e-01,1.111197695136070251e-01,-8.704094886779785156e-01,-5.219742059707641602e-01,1.259925842285156250e+00,8.544363379478454590e-01,-2.310688048601150513e-01
-2.285119146108627319e-02,2.893607616424560547e-01,8.988182544708251953e-01,-1.610712110996246338e-01,-2.745799720287322998e-01,9.340991377830505371e-01,-1.616190969944000244e-01,-8.238736987113952637e-01,5.734719634056091309e-01,-9.065116755664348602e-03,2.235789149999618530e-01,-9.054689854383468628e-02,-2.472434192895889282e-02,1.377830505371093750e-01,-2.007462531328201294e-01,-8.158598095178604126e-02,3.757767975330352783e-01,2.518965303897857666e-01,1.694138646125793457e-01,5.456621050834655762e-01,-6.623312830924987793e-02,5.265378952026367188e-01,-3.883050680160522461e-01,-1.395290493965148926e-01,1.320793777704238892e-01,-7.304435968399047852e-01,-4.123807251453399658e-01,1.145966887474060059e+00,7.996376752853393555e-01,-2.560201883316040039e-01
-3.297464549541473389e-02,2.762059569358825684e-01,8.829076290130615234e-01,-1.927497684955596924e-01,-2.943451702594757080e-01,9.180915355682373047e-01,-1.825277060270309448e-01,-9.390593767166137695e-01,5.277063846588134766e-01,-9.009274840354919434e-02,3.335355520248413086e-01,-2.161910533905029297e-01,4.571510106325149536e-02,1.158109903335571289e-01,-2.485671341419219971e-01,-2.151307836174964905e-02,5.574520826339721680e-01,1.546456366777420044e-01,1.158419251441955566e-01,5.259379148483276367e-01,5.053042620420455933e-02,5.741399526596069336e-01,-3.356169462203979492e-01,1.151840761303901672e-01,1.210689693689346313e-01,-6.670892238616943359e-01,-2.935618758201599121e-01,1.048910856246948242e+00,7.170912027359008789e-01,-2.459665536880493164e-01
-4.093649983406066895e-02,2.627843320369720459e-01,8.702998757362365723e-01,-2.212071716785430908e-01,-3.009922206401824951e-01,9.053202271461486816e-01,-2.021542638540267944e-01,-1.039113759994506836e+00,4.534712731838226318e-01,-1.414936631917953491e-01,4.580375552177429199e-01,-3.175914585590362549e-01,1.123498007655143738e-01,1.542788557708263397e-02,-2.859953045845031738e-01,3.505676984786987305e-02,8.237384557723999023e-01,3.093657270073890686e-02,5.649095773696899414e-02,4.566078782081604004e-01,1.113343760371208191e-01,5.546917319297790527e-01,-3.395140767097473145e-01,4.545864164829254150e-01,3.942250087857246399e-02,-6.299487948417663574e-01,-1.994857937097549438e-01,1.034072160720825195e+00,5.543287396430969238e-01,-1.866394281387329102e-01
-4.821377992630004883e-02,2.506235539913177490e-01,8.636698126792907715e-01,-2.457423359155654907e-01,-2.943791747093200684e-01,8.959206342697143555e-01,-2.242271304130554199e-01,-1.082179665565490723e+00,3.590220212936401367e-01,-1.747180968523025513e-01,5.384470820426940918e-01,-3.502876162528991699e-01,1.411122977733612061e-01,-9.800756722688674927e-02,-2.395402938127517700e-01,9.579890966415405273e-02,1.067329168319702148e+00,-3.874555230140686035e-02,3.032177872955799103e-02,4.048682749271392822e-01,1.352326422929763794e-01,5.328372716903686523e-01,-3.667684793472290039e-01,6.185837984085083008e-01,1.541849877685308456e-02,-6.198230981826782227e-01,-1.657540798187255859e-01,1.036426305770874023e+00,4.581637382507324219e-01,-1.638004332780838013e-01
-5.607394501566886902e-02,2.379760444164276123e-01,8.633317351341247559e-01,-2.700739204883575439e-01,-2.765938043594360352e-01,8.903616070747375488e-01,-2.404415607452392578e-01,-1.096848726272583008e+00,2.619898617267608643e-01,-2.161989361047744751e-01,5.796647071838378906e-01,-3.362102806568145752e-01,1.360060572624206543e-01,-2.750204503536224365e-01,-1.428695321083068848e-01,1.378080248832702637e-01,1.370309114456176758e+00,-8.723463863134384155e-02,2.243952639400959015e-02,3.668322861194610596e-01,1.683833450078964233e-01,5.172705650329589844e-01,-3.874521851539611816e-01,7.614688873291015625e-01,-2.123962529003620148e-02,-6.166579723358154297e-01,-1.270258724689483643e-01,1.052930116653442383e+00,3.575265407562255859e-01,-1.472926437854766846e-01
-6.540550291538238525e-02,2.244722694158554077e-01,8.711780309677124023e-01,-2.831137478351593018e-01,-2.613094747066497803e-01,8.887912631034851074e-01,-2.482218593358993530e-01,-1.079978346824645996e+00,2.042252719402313232e-01,-2.315850108861923218e-01,5.845565199851989746e-01,-2.904401719570159912e-01,1.278807818889617920e-01,-4.420198798179626465e-01,-3.581682965159416199e-02,1.291929334402084351e-01,1.566319704055786133e+00,-1.043029874563217163e-01,2.116130851209163666e-02,3.500216901302337646e-01,2.088961601257324219e-01,4.882089793682098389e-01,-3.991427719593048096e-01,8.243808150291442871e-01,-5.099378153681755066e-02,-6.019940376281738281e-01,-1.141953244805335999e-01,1.036860823631286621e+00,2.763772010803222656e-01,-1.165847182273864746e-01
-7.724351435899734497e-02,2.097298055887222290e-01,8.834879994392395020e-01,-2.836946249008178711e-01,-2.551208734512329102e-01,8.901526331901550293e-01,-2.491164803504943848e-01,-1.021036505699157715e+00,1.978251188993453979e-01,-2.263507097959518433e-01,5.241050720214843750e-01,-2.429646551609039307e-01,1.170165315270423889e-01,-5.799767374992370605e-01,3.012992627918720245e-02,6.127395108342170715e-02,1.607469081878662109e+00,-1.190428137779235840e-01,1.360261921945493668e-05,3.508997857570648193e-01,2.531846761703491211e-01,4.785968661308288574e-01,-4.191638231277465820e-01,8.422328829765319824e-01,-3.304697573184967041e-02,-5.840236544609069824e-01,-1.217840164899826050e-01,1.016820073127746582e+00,2.146348953247070312e-01,-1.029999926686286926e-01
-9.141848236322402954e-02,1.943166106939315796e-01,8.985406160354614258e-01,-2.791019678115844727e-01,-2.474375814199447632e-01,8.933855891227722168e-01,-2.504773736000061035e-01,-9.360509514808654785e-01,2.019663453102111816e-01,-2.009868770837783813e-01,4.385418295860290527e-01,-1.713912338018417358e-01,9.397486597299575806e-02,-6.744283437728881836e-01,6.611712276935577393e-02,-1.531153544783592224e-02,1.522824048995971680e+00,-1.389260888099670410e-01,-3.350501880049705505e-02,3.449840843677520752e-01,2.961845993995666504e-01,4.624182879924774170e-01,-4.316489100456237793e-01,8.263968825340270996e-01,-1.449573040008544922e-02,-5.698307156562805176e-01,-1.429072171449661255e-01,9.732741117477416992e-01,1.435098201036453247e-01,-1.172036901116371155e-01
-1.066813245415687561e-01,1.781013458967208862e-01,9.158968925476074219e-01,-2.668731808662414551e-01,-2.370828837156295776e-01,8.980050683021545410e-01,-2.572106719017028809e-01,-8.473123311996459961e-01,2.032126337289810181e-01,-1.761653721332550049e-01,3.544276058673858643e-01,-7.196391373872756958e-02,5.121628567576408386e-02,-7.284855246543884277e-01,9.455350786447525024e-02,-8.368020504713058472e-02,1.410094976425170898e+00,-1.506016254425048828e-01,-5.439422652125358582e-02,3.281826078891754150e-01,3.252184391021728516e-01,4.600370824337005615e-01,-4.363923072814941406e-01,7.871412038803100586e-01,-6.612381897866725922e-03,-5.564808845520019531e-01,-1.716796904802322388e-01,9.179026484489440918e-01,7.730306684970855713e-02,-1.099710389971733093e-01
-1.218992546200752258e-01,1.631283015012741089e-01,9.328782558441162109e-01,-2.600971460342407227e-01,-2.200865000486373901e-01,8.990055322647094727e-01,-2.751370966434478760e-01,-7.438476681709289551e-01,1.751654297113418579e-01,-1.602142453193664551e-01,2.597784399986267090e-01,-7.251623552292585373e-03,1.844803802669048309e-02,-7.371504902839660645e-01,1.078717708587646484e-01,-1.453910470008850098e-01,1.134482979774475098e+00,-1.205978989601135254e-01,-3.912563621997833252e-02,2.854352891445159912e-01,3.600057959556579590e-01,4.451091885566711426e-01,-4.191831052303314209e-01,7.165665030479431152e-01,1.098302891477942467e-03,-5.152035355567932129e-01,-2.320352643728256226e-01,8.527535796165466309e-01,5.828893277794122696e-03,-1.175575330853462219e-01
-1.360747069120407104e-01,1.484104692935943604e-01,9.451794028282165527e-01,-2.530278265476226807e-01,-1.991652101278305054e-01,8.964912295341491699e-01,-3.043248057365417480e-01,-6.435047388076782227e-01,1.263792961835861206e-01,-1.536941677331924438e-01,1.782375276088714600e-01,4.369498789310455322e-02,-1.502294559031724930e-02,-7.170099616050720215e-01,9.838569909334182739e-02,-1.661495715379714966e-01,7.675932645797729492e-01,-6.713016331195831299e-02,1.474002283066511154e-02,2.112847119569778442e-01,3.875555098056793213e-01,4.293214380741119385e-01,-4.121321439743041992e-01,6.428991556167602539e-01,2.973089367151260376e-02,-4.618372917175292969e-01,-3.052881062030792236e-01,7.966935038566589355e-01,-4.981241002678871155e-02,-1.404634565114974976e-01
-1.480610370635986328e-01,1.342406123876571655e-01,9.496611356735229492e-01,-2.530422508716583252e-01,-1.625519990921020508e-01,8.910414576530456543e-01,-3.399875760078430176e-01,-5.547272562980651855e-01,4.022160917520523071e-02,-1.544372588396072388e-01,1.450779885053634644e-01,7.666978240013122559e-02,-4.533568397164344788e-02,-7.016103863716125488e-01,4.778387397527694702e-02,-1.678676158189773560e-01,4.308874309062957764e-01,1.882980391383171082e-02,9.069481492042541504e-02,1.351206749677658081e-01,4.113925397396087646e-01,4.005367755889892578e-01,-4.025637209415435791e-01,5.804209113121032715e-01,2.638992667198181152e-02,-4.102316796779632568e-01,-3.825531899929046631e-01,7.323992848396301270e-01,-1.111086681485176086e-01,-1.576808989048004150e-01
-1.597950160503387451e-01,1.205945163965225220e-01,9.471455812454223633e-01,-2.456682175397872925e-01,-1.261797547340393066e-01,8.840041160583496094e-01,-3.771770596504211426e-01,-4.726093709468841553e-01,-3.305584937334060669e-02,-1.829265952110290527e-01,1.539567410945892334e-01,4.634109511971473694e-02,-5.019798502326011658e-02,-7.276986241340637207e-01,3.914834931492805481e-03,-1.374035626649856567e-01,2.188275605440139771e-01,8.434101939201354980e-02,1.649579256772994995e-01,6.961528956890106201e-02,4.237971305847167969e-01,3.807041049003601074e-01,-4.002290070056915283e-01,5.500212311744689941e-01,1.075537316501140594e-02,-3.727543056011199951e-01,-4.513054192066192627e-01,7.058814764022827148e-01,-1.192332208156585693e-01,-1.689540892839431763e-01
-1.727243214845657349e-01,1.042648404836654663e-01,9.404030442237854004e-01,-2.307583391666412354e-01,-9.478648006916046143e-02,8.707809448242187500e-01,-4.236822128295898438e-01,-3.784735202789306641e-01,-9.852281212806701660e-02,-2.319009602069854736e-01,1.501599699258804321e-01,2.725965157151222229e-02,-4.374062269926071167e-02,-6.957590579986572266e-01,-5.303966999053955078e-02,-1.731357127428054810e-01,9.445679187774658203e-02,1.222729757428169250e-01,2.083614468574523926e-01,-2.303751558065414429e-02,4.373772144317626953e-01,3.745164573192596436e-01,-4.084927737712860107e-01,5.226732492446899414e-01,1.992654614150524139e-02,-3.473157286643981934e-01,-5.154496431350708008e-01,6.774824261665344238e-01,-1.382731199264526367e-01,-1.734291613101959229e-01
-1.810392886400222778e-01,9.190614521503448486e-02,9.276658296585083008e-01,-2.139162570238113403e-01,-7.004903256893157959e-02,8.576762080192565918e-01,-4.623034000396728516e-01,-2.866910398006439209e-01,-1.426854431629180908e-01,-2.956880927085876465e-01,1.756719797849655151e-01,-2.025822736322879791e-02,-3.399704024195671082e-02,-7.272806167602539062e-01,-1.205690726637840271e-01,-1.849413067102432251e-01,4.283576458692550659e-02,1.381348967552185059e-01,2.484827637672424316e-01,-8.966690301895141602e-02,4.371921122074127197e-01,3.807497620582580566e-01,-4.043357074260711670e-01,5.037547945976257324e-01,3.122540935873985291e-02,-2.950482368469238281e-01,-5.827401280403137207e-01,6.600229144096374512e-01,-1.226181834936141968e-01,-1.909501999616622925e-01
-1.926079243421554565e-01,7.688589394092559814e-02,9.104503989219665527e-01,-1.958043426275253296e-01,-4.962190985679626465e-02,8.469744324684143066e-01,-4.917648434638977051e-01,-2.055042833089828491e-01,-1.775950044393539429e-01,-3.463836312294006348e-01,2.362069338560104370e-01,-7.880221307277679443e-02,-2.905500307679176331e-02,-7.457472085952758789e-01,-1.844652891159057617e-01,-1.992955505847930908e-01,3.142811357975006104e-02,1.305223405361175537e-01,2.616301774978637695e-01,-1.409279257059097290e-01,4.248624742031097412e-01,3.957359492778778076e-01,-4.081383049488067627e-01,4.715310037136077881e-01,5.925115570425987244e-02,-2.425743788480758667e-01,-6.531774401664733887e-01,6.355603933334350586e-01,-9.735529869794845581e-02,-2.113159000873565674e-01
-2.025085985660552979e-01,6.231330335140228271e-02,8.908306956291198730e-01,-1.885268539190292358e-01,-3.444563597440719604e-02,8.535155653953552246e-01,-4.845434129238128662e-01,-2.060242146253585815e-01,-2.172963917255401611e-01,-3.008882105350494385e-01,4.227152168750762939e-01,-1.790361106395721436e-01,-1.741288229823112488e-02,-7.850310206413269043e-01,-1.920765638351440430e-01,-1.412528753280639648e-01,8.620713651180267334e-02,1.621491014957427979e-01,2.323384433984756470e-01,-1.128539517521858215e-01,4.022274613380432129e-01,4.159812331199645996e-01,-3.973897993564605713e-01,4.422615468502044678e-01,6.076307222247123718e-02,-1.476586312055587769e-01,-7.278072834014892578e-01,5.791561603546142578e-01,-8.098126202821731567e-02,-2.336074560880661011e-01
-2.213943749666213989e-01,4.171380028128623962e-02,8.777064085006713867e-01,-1.809871941804885864e-01,-3.459775820374488831e-02,8.499230146408081055e-01,-4.936369657516479492e-01,-2.118411511182785034e-01,-2.274224311113357544e-01,-3.087188899517059326e-01,6.075507402420043945e-01,-2.172552943229675293e-01,-3.857635334134101868e-02,-8.026258349418640137e-01,-2.063894569873809814e-01,-1.263774633407592773e-01,1.993373036384582520e-01,1.349182426929473877e-01,1.731906384229660034e-01,-1.147497445344924927e-01,3.546004295349121094e-01,4.415406882762908936e-01,-4.208732843399047852e-01,4.490816593170166016e-01,7.284551113843917847e-02,-9.286198765039443970e-02,-7.579640746116638184e-01,5.426056981086730957e-01,-1.813186705112457275e-02,-2.535634636878967285e-01
-2.436491847038269043e-01,2.041569352149963379e-02,8.705907464027404785e-01,-1.782218515872955322e-01,-4.207764938473701477e-02,8.500290513038635254e-01,-4.938796460628509521e-01,-2.413165718317031860e-01,-2.262938767671585083e-01,-2.912834286689758301e-01,7.415008544921875000e-01,-1.935391724109649658e-01,-7.116012275218963623e-02,-8.089392185211181641e-01,-1.901786029338836670e-01,-1.008155569434165955e-01,2.904785871505737305e-01,5.348887294530868530e-02,1.260526478290557861e-01,-1.007228419184684753e-01,3.301692605018615723e-01,4.531849920749664307e-01,-4.117974638938903809e-01,4.410204589366912842e-01,5.637801438570022583e-02,-5.571978911757469177e-02,-7.536348104476928711e-01,5.067676305770874023e-01,3.433909267187118530e-02,-2.459872812032699585e-01
-2.654881775379180908e-01,-1.065855263732373714e-03,8.713162541389465332e-01,-1.707506477832794189e-01,-4.373473301529884338e-02,8.484266996383666992e-01,-4.991028010845184326e-01,-2.951342463493347168e-01,-2.180446833372116089e-01,-2.609506845474243164e-01,9.080463051795959473e-01,-1.469291746616363525e-01,-9.245551377534866333e-02,-7.955141067504882812e-01,-1.777430623769760132e-01,-7.892556488513946533e-02,3.821173608303070068e-01,-1.210691127926111221e-02,7.526528835296630859e-02,-8.404742181301116943e-02,2.995929718017578125e-01,4.649762511253356934e-01,-4.170008003711700439e-01,4.417393803596496582e-01,5.855544283986091614e-02,-2.703632228076457977e-02,-7.385327219963073730e-01,4.891668558120727539e-01,1.288548260927200317e-01,-2.456761449575424194e-01
-2.776460349559783936e-01,-2.203216031193733215e-02,8.760485649108886719e-01,-1.628525406122207642e-01,-4.026443511247634888e-02,8.535425662994384766e-01,-4.932777285575866699e-01,-3.683922588825225830e-01,-2.187272161245346069e-01,-2.165721058845520020e-01,1.048793792724609375e+00,-9.301611036062240601e-02,-1.052120998501777649e-01,-7.600737214088439941e-01,-1.642217040061950684e-01,-5.549738556146621704e-02,4.195199310779571533e-01,-4.922030866146087646e-02,4.774036630988121033e-02,-6.433365494012832642e-02,2.855217456817626953e-01,4.690949320793151855e-01,-4.137628078460693359e-01,4.194743931293487549e-01,4.413124173879623413e-02,-1.403278112411499023e-02,-7.239707708358764648e-01,4.803752899169921875e-01,2.063950598239898682e-01,-2.481485009193420410e-01
-2.840992510318756104e-01,-3.665704652667045593e-02,8.837366104125976562e-01,-1.544071733951568604e-01,-3.612766414880752563e-02,8.573332428932189941e-01,-4.897273778915405273e-01,-4.188499748706817627e-01,-2.165235280990600586e-01,-1.976889520883560181e-01,1.120109319686889648e+00,-6.754852086305618286e-02,-1.060013025999069214e-01,-7.179993987083435059e-01,-1.571749597787857056e-01,-3.828921914100646973e-02,4.237288534641265869e-01,-4.391149431467056274e-02,4.475942999124526978e-02,-4.669549688696861267e-02,2.752946019172668457e-01,4.743074476718902588e-01,-4.052593111991882324e-01,3.855149149894714355e-01,3.950766474008560181e-02,-1.008332613855600357e-02,-7.187352776527404785e-01,4.866768419742584229e-01,2.753959596157073975e-01,-2.585903704166412354e-01
-2.906688451766967773e-01,-5.238122493028640747e-02,8.937261104583740234e-01,-1.464027315378189087e-01,-3.021597862243652344e-02,8.627925515174865723e-01,-4.829515516757965088e-01,-4.588342308998107910e-01,-2.148251831531524658e-01,-1.786509603261947632e-01,1.149588227272033691e+00,-7.429818809032440186e-02,-8.589092642068862915e-02,-6.587008833885192871e-01,-1.516533195972442627e-01,-2.180687338113784790e-02,3.945837616920471191e-01,-3.056552819907665253e-02,5.298549681901931763e-02,-2.508440241217613220e-02,2.666264176368713379e-01,4.868109524250030518e-01,-3.996796309947967529e-01,3.238396942615509033e-01,3.891784325242042542e-02,-5.918168928474187851e-03,-7.024406790733337402e-01,4.954403936862945557e-01,3.581742942333221436e-01,-2.618643641471862793e-01
-2.952506542205810547e-01,-7.081705331802368164e-02,9.041228294372558594e-01,-1.371059268712997437e-01,-2.306726016104221344e-02,8.723021745681762695e-01,-4.687843620777130127e-01,-4.800669252872467041e-01,-2.262633293867111206e-01,-1.882731467485427856e-01,1.124105215072631836e+00,-8.025319874286651611e-02,-7.334581762552261353e-02,-5.865111947059631348e-01,-1.441351473331451416e-01,3.159760730341076851e-03,3.419479131698608398e-01,-1.263451110571622849e-02,6.952349841594696045e-02,-4.417612217366695404e-03,2.583096921443939209e-01,4.953091442584991455e-01,-3.955133259296417236e-01,2.676275670528411865e-01,2.726547047495841980e-02,-1.607668702490627766e-03,-6.941712498664855957e-01,5.132542252540588379e-01,4.357732534408569336e-01,-2.673995196819305420e-01
-2.992736995220184326e-01,-8.307721465826034546e-02,9.129400849342346191e-01,-1.293770819902420044e-01,-1.430226117372512817e-02,8.810964822769165039e-01,-4.546712636947631836e-01,-4.808314144611358643e-01,-2.457466721534729004e-01,-2.187476605176925659e-01,1.050655364990234375e+00,-9.185060858726501465e-02,-6.554739177227020264e-02,-5.224326848983764648e-01,-1.394527554512023926e-01,3.182243928313255310e-02,2.845806181430816650e-01,9.668881073594093323e-03,9.573997557163238525e-02,1.354859955608844757e-02,2.453491985797882080e-01,5.016285181045532227e-01,-3.808921575546264648e-01,2.237726151943206787e-01,2.006947435438632965e-02,9.002136997878551483e-03,-6.868478655815124512e-01,5.264992117881774902e-01,5.037460327148437500e-01,-2.665707170963287354e-01
-3.005039691925048828e-01,-9.476952999830245972e-02,9.202007055282592773e-01,-1.203217059373855591e-01,-7.652734406292438507e-03,8.917969465255737305e-01,-4.360760450363159180e-01,-4.582159221172332764e-01,-2.536585927009582520e-01,-2.548437714576721191e-01,9.482394456863403320e-01,-1.109314486384391785e-01,-6.090103089809417725e-02,-4.732295274734497070e-01,-1.285354048013687134e-01,7.315430790185928345e-02,2.464320808649063110e-01,4.074838384985923767e-02,1.281164437532424927e-01,2.982431650161743164e-02,2.367211729288101196e-01,5.175822377204895020e-01,-3.622282445430755615e-01,1.920790672302246094e-01,6.890985649079084396e-03,1.560942176729440689e-02,-6.764197945594787598e-01,5.319135785102844238e-01,5.608833432197570801e-01,-2.554010748863220215e-01
-2.992349863052368164e-01,-1.064310073852539062e-01,9.239030480384826660e-01,-1.102152764797210693e-01,-3.998645115643739700e-03,9.049036502838134766e-01,-4.110790789127349854e-01,-4.193766117095947266e-01,-2.648519873619079590e-01,-3.126560747623443604e-01,8.196625709533691406e-01,-1.263683736324310303e-01,-7.035174220800399780e-02,-4.304326176643371582e-01,-1.090833619236946106e-01,1.285366564989089966e-01,2.080673724412918091e-01,6.203104555606842041e-02,1.585550904273986816e-01,4.695263132452964783e-02,2.259131669998168945e-01,5.377501249313354492e-01,-3.341460227966308594e-01,1.629169136285781860e-01,-7.791433017700910568e-03,2.539382129907608032e-02,-6.616846919059753418e-01,5.284846425056457520e-01,6.157015562057495117e-01,-2.389757186174392700e-01
-2.946712374687194824e-01,-1.165923923254013062e-01,9.232354760169982910e-01,-9.720151126384735107e-02,-1.630934537388384342e-03,9.207416176795959473e-01,-3.778677582740783691e-01,-3.733017742633819580e-01,-2.675092518329620361e-01,-3.916747868061065674e-01,6.663730740547180176e-01,-1.521900296211242676e-01,-7.913311570882797241e-02,-3.935876488685607910e-01,-8.230964094400405884e-02,1.960262358188629150e-01,1.737240254878997803e-01,7.213288545608520508e-02,1.868292838335037231e-01,5.753637850284576416e-02,2.116844356060028076e-01,5.639935731887817383e-01,-3.026072382926940918e-01,1.452531814575195312e-01,-2.605484239757061005e-02,3.439599648118019104e-02,-6.460372209548950195e-01,5.146499276161193848e-01,6.795642375946044922e-01,-2.241714149713516235e-01
-2.917729616165161133e-01,-1.261832565069198608e-01,9.206454157829284668e-01,-8.656635880470275879e-02,-1.566958380863070488e-03,9.325571060180664062e-01,-3.504868447780609131e-01,-3.212611079216003418e-01,-2.560393512248992920e-01,-4.478864967823028564e-01,5.600304007530212402e-01,-1.646664738655090332e-01,-8.506107330322265625e-02,-3.674392402172088623e-01,-5.874687433242797852e-02,2.555031776428222656e-01,1.549514383077621460e-01,6.795872002840042114e-02,2.015992701053619385e-01,6.497356295585632324e-02,1.949520260095596313e-01,5.937008857727050781e-01,-2.746167778968811035e-01,1.500252187252044678e-01,-3.851854801177978516e-02,3.470186144113540649e-02,-6.315151453018188477e-01,5.069217681884765625e-01,7.190927863121032715e-01,-2.106152623891830444e-01
-2.920671105384826660e-01,-1.379194110631942749e-01,9.151847958564758301e-01,-7.886856794357299805e-02,-2.289352938532829285e-03,9.454833865165710449e-01,-3.159677982330322266e-01,-2.754225432872772217e-01,-2.457384616136550903e-01,-5.060232281684875488e-01,4.756147265434265137e-01,-1.812716871500015259e-01,-8.291417360305786133e-02,-3.490304350852966309e-01,-3.073154948651790619e-02,3.238734900951385498e-01,1.439455598592758179e-01,4.129715636372566223e-02,2.103013694286346436e-01,5.768125504255294800e-02,1.657523065805435181e-01,6.237004399299621582e-01,-2.391548156738281250e-01,1.671278625726699829e-01,-5.530266836285591125e-02,3.018477186560630798e-02,-6.270839571952819824e-01,4.907017350196838379e-01,7.511115074157714844e-01,-1.900781691074371338e-01
-2.870997190475463867e-01,-1.457771062850952148e-01,9.091295003890991211e-01,-7.262226939201354980e-02,-3.392972052097320557e-03,9.560256004333496094e-01,-2.841295301914215088e-01,-2.369753867387771606e-01,-2.412744760513305664e-01,-5.428730845451354980e-01,4.252890646457672119e-01,-2.041336148977279663e-01,-6.436249613761901855e-02,-3.443833887577056885e-01,-4.555275663733482361e-03,3.976479470729827881e-01,1.389079391956329346e-01,1.945148408412933350e-02,2.161048203706741333e-01,2.941423654556274414e-02,1.237983852624893188e-01,6.450513005256652832e-01,-2.185195237398147583e-01,2.065046876668930054e-01,-5.980781093239784241e-02,1.128109730780124664e-02,-6.194230318069458008e-01,4.747111797332763672e-01,7.706565856933593750e-01,-1.714030206203460693e-01
-2.805937528610229492e-01,-1.511668264865875244e-01,9.036418199539184570e-01,-7.155076414346694946e-02,-4.463029094040393829e-03,9.643988013267517090e-01,-2.545496225357055664e-01,-2.169761359691619873e-01,-2.339132130146026611e-01,-5.353999137878417969e-01,3.856938481330871582e-01,-2.425670176744461060e-01,-2.604106627404689789e-02,-3.556673824787139893e-01,1.567064598202705383e-02,4.505113065242767334e-01,1.366963088512420654e-01,9.000979363918304443e-03,2.301654368638992310e-01,-5.517316516488790512e-03,7.041721791028976440e-02,6.488350033760070801e-01,-2.044177502393722534e-01,2.756140232086181641e-01,-5.019650235772132874e-02,-1.503546815365552902e-02,-6.187629699707031250e-01,4.712817668914794922e-01,7.639575004577636719e-01,-1.551877558231353760e-01
-2.714983224868774414e-01,-1.628783941268920898e-01,9.001573324203491211e-01,-7.244438678026199341e-02,-5.169359501451253891e-03,9.738460183143615723e-01,-2.152881920337677002e-01,-2.063656598329544067e-01,-2.332001924514770508e-01,-5.152630209922790527e-01,3.550302088260650635e-01,-2.751518487930297852e-01,3.335203044116497040e-03,-3.720458447933197021e-01,2.988219633698463440e-02,4.901008903980255127e-01,1.248272806406021118e-01,2.497782558202743530e-02,2.560834884643554688e-01,-4.361376166343688965e-02,2.088459767401218414e-02,6.388094425201416016e-01,-2.081660926342010498e-01,3.647831082344055176e-01,-3.370156884193420410e-02,-4.346921667456626892e-02,-6.174704432487487793e-01,4.742327332496643066e-01,7.470627427101135254e-01,-1.443361937999725342e-01
-2.676113545894622803e-01,-1.681879460811614990e-01,9.001421332359313965e-01,-7.646919041872024536e-02,-6.333884317427873611e-03,9.801977872848510742e-01,-1.825504601001739502e-01,-2.092609256505966187e-01,-2.182461619377136230e-01,-4.639826416969299316e-01,3.339171111583709717e-01,-2.812722325325012207e-01,2.650378085672855377e-02,-3.920561671257019043e-01,4.300256818532943726e-02,4.761941432952880859e-01,1.048313751816749573e-01,5.280607193708419800e-02,2.614918649196624756e-01,-7.534420490264892578e-02,-1.993074547499418259e-03,6.110150814056396484e-01,-2.547128498554229736e-01,4.920344948768615723e-01,-8.844446390867233276e-03,-6.753698736429214478e-02,-6.054108142852783203e-01,4.946259558200836182e-01,7.301225662231445312e-01,-1.245407834649085999e-01
-2.675593793392181396e-01,-1.703738421201705933e-01,9.016728401184082031e-01,-7.899524271488189697e-02,-5.948489066213369370e-03,9.860489964485168457e-01,-1.463960409164428711e-01,-1.797691136598587036e-01,-1.852374672889709473e-01,-4.004373848438262939e-01,2.580085098743438721e-01,-2.725628316402435303e-01,4.426493495702743530e-02,-3.928045332431793213e-01,2.781801298260688782e-02,4.143404960632324219e-01,6.297954916954040527e-02,6.539860367774963379e-02,2.617999911308288574e-01,-1.350296288728713989e-01,-4.778164252638816833e-02,5.704537034034729004e-01,-3.306694924831390381e-01,6.770643591880798340e-01,1.904944516718387604e-02,-7.498273998498916626e-02,-5.758521556854248047e-01,5.269545316696166992e-01,7.111995220184326172e-01,-1.018286719918251038e-01
-2.575466036796569824e-01,-1.666051745414733887e-01,9.039144515991210938e-01,-7.952182739973068237e-02,-4.579155240207910538e-03,9.929937124252319336e-01,-8.728540688753128052e-02,-1.714022904634475708e-01,-1.439390927553176880e-01,-2.915895283222198486e-01,2.096784412860870361e-01,-2.645641863346099854e-01,5.349889025092124939e-02,-4.158018529415130615e-01,8.483519777655601501e-03,2.920642793178558350e-01,4.599701613187789917e-02,6.543558090925216675e-02,2.617999911308288574e-01,-1.464715600013732910e-01,-5.561850965023040771e-02,5.294463634490966797e-01,-3.503960669040679932e-01,7.963740229606628418e-01,4.198615625500679016e-02,-7.174142450094223022e-02,-5.596027374267578125e-01,5.456681251525878906e-01,6.989824175834655762e-01,-1.158754676580429077e-01
-2.467198073863983154e-01,-1.638138592243194580e-01,9.067770838737487793e-01,-8.029282093048095703e-02,-4.104756750166416168e-03,9.959729313850402832e-01,-3.967522084712982178e-02,-1.656893938779830933e-01,-1.096927300095558167e-01,-1.971281766891479492e-01,1.690458953380584717e-01,-2.470325380563735962e-01,5.403394997119903564e-02,-4.238153100013732910e-01,-9.786950424313545227e-03,1.781367063522338867e-01,3.754047676920890808e-02,5.284290015697479248e-02,2.617999911308288574e-01,-1.597057133913040161e-01,-4.883924871683120728e-02,5.156342983245849609e-01,-3.564530611038208008e-01,8.441174626350402832e-01,4.778929799795150757e-02,-4.475174471735954285e-02,-5.565197467803955078e-01,5.550071597099304199e-01,6.921529769897460938e-01,-1.279441565275192261e-01
-2.286965101957321167e-01,-1.635691523551940918e-01,9.101017713546752930e-01,-8.552789688110351562e-02,-2.389292698353528976e-03,9.961578845977783203e-01,1.867414079606533051e-02,-1.964848637580871582e-01,-7.890257239341735840e-02,-1.024125888943672180e-01,1.667077392339706421e-01,-2.214743793010711670e-01,5.829042941331863403e-02,-4.443789422512054443e-01,-2.501880005002021790e-02,1.102256700396537781e-01,4.040872678160667419e-02,6.810775399208068848e-02,2.616716325283050537e-01,-1.355561167001724243e-01,-4.849549010396003723e-02,5.094808340072631836e-01,-3.518416285514831543e-01,8.653582334518432617e-01,4.743042215704917908e-02,-9.830457158386707306e-03,-5.756902694702148438e-01,5.729822516441345215e-01,6.991755962371826172e-01,-1.433802843093872070e-01
-2.287297248840332031e-01,-1.648485958576202393e-01,9.131781458854675293e-01,-8.384234458208084106e-02,-5.207258742302656174e-03,9.954603910446166992e-01,4.474314674735069275e-02,-1.658463478088378906e-01,-5.981715768575668335e-02,-5.037472769618034363e-02,1.245592087507247925e-01,-2.039921134710311890e-01,4.982669278979301453e-02,-4.115140140056610107e-01,-5.177847668528556824e-02,3.367054462432861328e-02,4.248050227761268616e-02,3.253078833222389221e-02,2.617842257022857666e-01,-1.371624171733856201e-01,-3.922089561820030212e-02,5.092574357986450195e-01,-3.471787869930267334e-01,8.595480918884277344e-01,4.435141757130622864e-02,3.083550557494163513e-02,-5.623591542243957520e-01,5.587221980094909668e-01,7.121628522872924805e-01,-1.548897475004196167e-01
-2.093810588121414185e-01,-1.658242493867874146e-01,9.167637825012207031e-01,-8.760689198970794678e-02,-6.741689983755350113e-03,9.926737546920776367e-01,8.293640613555908203e-02,-1.962256431579589844e-01,-2.702020481228828430e-02,1.552896853536367416e-02,1.236615329980850220e-01,-1.725024133920669556e-01,4.916783794760704041e-02,-4.076883494853973389e-01,-7.422149181365966797e-02,-1.592232286930084229e-02,6.994768232107162476e-02,3.597167879343032837e-02,2.447735220193862915e-01,-1.086216643452644348e-01,-3.607317805290222168e-02,5.072216987609863281e-01,-3.322618901729583740e-01,8.510279059410095215e-01,3.248204663395881653e-02,6.047074124217033386e-02,-5.712583065032958984e-01,5.595272779464721680e-01,7.221965193748474121e-01,-1.672829389572143555e-01
-2.001534849405288696e-01,-1.635969281196594238e-01,9.193577170372009277e-01,-8.951639384031295776e-02,-8.943806402385234833e-03,9.894233942031860352e-01,1.137901991605758667e-01,-1.994065046310424805e-01,3.780712140724062920e-03,7.139381766319274902e-02,1.123668700456619263e-01,-1.599729210138320923e-01,4.954331740736961365e-02,-3.732633590698242188e-01,-1.047570034861564636e-01,-7.069049775600433350e-02,1.044195815920829773e-01,1.032197102904319763e-02,2.172005474567413330e-01,-9.029279649257659912e-02,-3.301491960883140564e-02,5.186551809310913086e-01,-3.144070804119110107e-01,8.333037495613098145e-01,1.684603840112686157e-02,8.764712512493133545e-02,-5.646359324455261230e-01,5.377288460731506348e-01,7.342575788497924805e-01,-1.641615927219390869e-01
-1.904366463422775269e-01,-1.614996343851089478e-01,9.210799932479858398e-01,-9.029127657413482666e-02,-1.202950906008481979e-02,9.854571819305419922e-01,1.434464305639266968e-01,-1.990566849708557129e-01,3.488443046808242798e-02,1.163976117968559265e-01,1.007635369896888733e-01,-1.547092348337173462e-01,5.221781879663467407e-02,-3.326160311698913574e-01,-1.358725875616073608e-01,-1.172152683138847351e-01,1.426885724067687988e-01,-1.256226841360330582e-02,1.936053931713104248e-01,-6.837075948715209961e-02,-2.198911830782890320e-02,5.300989151000976562e-01,-3.050160109996795654e-01,8.106706142425537109e-01,6.845155730843544006e-03,1.051079928874969482e-01,-5.547404289245605469e-01,5.193600654602050781e-01,7.487986683845520020e-01,-1.696722507476806641e-01
-1.771635115146636963e-01,-1.589535325765609741e-01,9.215574264526367188e-01,-8.971961587667465210e-02,-1.551729720085859299e-02,9.822208285331726074e-01,1.641702204942703247e-01,-2.007692456245422363e-01,6.379706412553787231e-02,1.465955823659896851e-01,8.714362978935241699e-02,-1.523647606372833252e-01,5.222458019852638245e-02,-2.896750569343566895e-01,-1.658432930707931519e-01,-1.345948427915573120e-01,1.752009838819503784e-01,-2.873661927878856659e-02,1.801291704177856445e-01,-4.259034246206283569e-02,-1.128520723432302475e-02,5.310173630714416504e-01,-2.960370779037475586e-01,7.954187393188476562e-01,-4.913333803415298462e-03,1.166426911950111389e-01,-5.355373620986938477e-01,5.031518340110778809e-01,7.544008493423461914e-01,-1.664934903383255005e-01
-1.759635806083679199e-01,-1.573148816823959351e-01,9.214246273040771484e-01,-9.381890296936035156e-02,-1.890487037599086761e-02,9.798805713653564453e-01,1.751419901847839355e-01,-2.017140239477157593e-01,8.066549897193908691e-02,1.520293205976486206e-01,7.710403949022293091e-02,-1.574862152338027954e-01,5.695587024092674255e-02,-2.611922621726989746e-01,-1.810568422079086304e-01,-1.133134365081787109e-01,1.989350765943527222e-01,-3.237441554665565491e-02,1.785165071487426758e-01,-2.928240038454532623e-02,-3.309649648144841194e-03,5.341442823410034180e-01,-2.965062260627746582e-01,7.931547164916992188e-01,-4.923576954752206802e-03,1.234004646539688110e-01,-5.263383984565734863e-01,5.009552240371704102e-01,7.477943301200866699e-01,-1.799464821815490723e-01
-1.657063663005828857e-01,-1.524238586425781250e-01,9.207643866539001465e-01,-9.643093496561050415e-02,-1.945427246391773224e-02,9.772385954856872559e-01,1.879555881023406982e-01,-2.147750854492187500e-01,1.016421616077423096e-01,1.590842157602310181e-01,7.689984142780303955e-02,-1.580278426408767700e-01,5.943278223276138306e-02,-2.209846526384353638e-01,-1.931882947683334351e-01,-8.327234536409378052e-02,2.164524346590042114e-01,-4.302129149436950684e-02,1.815100908279418945e-01,-8.590841665863990784e-03,1.078087138012051582e-03,5.296161770820617676e-01,-2.873671352863311768e-01,8.039022684097290039e-01,-6.913432385772466660e-03,1.198978796601295471e-01,-5.146053433418273926e-01,4.946592748165130615e-01,7.498834133148193359e-01,-1.849878281354904175e-01
-1.538150310516357422e-01,-1.510526984930038452e-01,9.195936322212219238e-01,-9.671638906002044678e-02,-2.015068009495735168e-02,9.755445718765258789e-01,1.963482648134231567e-01,-2.331125289201736450e-01,1.162219718098640442e-01,1.561436057090759277e-01,8.695662766695022583e-02,-1.563455611467361450e-01,6.396570056676864624e-02,-1.803295165300369263e-01,-2.016797661781311035e-01,-2.804835326969623566e-02,2.225493639707565308e-01,-3.533615544438362122e-02,1.954535692930221558e-01,1.035226788371801376e-02,3.293959423899650574e-03,5.150142312049865723e-01,-2.809688746929168701e-01,8.238632082939147949e-01,-1.334665995091199875e-02,1.048604846000671387e-01,-5.065412521362304688e-01,4.872586727142333984e-01,7.457453012466430664e-01,-1.892001032829284668e-01
-1.424822360277175903e-01,-1.468835622072219849e-01,9.175776243209838867e-01,-9.799376875162124634e-02,-1.786848343908786774e-02,9.745078086853027344e-01,2.010285109281539917e-01,-2.564140856266021729e-01,1.267392486333847046e-01,1.501972973346710205e-01,1.022041365504264832e-01,-1.541470289230346680e-01,6.236457079648971558e-02,-1.424181461334228516e-01,-1.976123601198196411e-01,2.836781367659568787e-02,2.058106064796447754e-01,-3.939416259527206421e-02,2.115378975868225098e-01,3.390090167522430420e-02,8.657640777528285980e-03,4.934990406036376953e-01,-2.757464945316314697e-01,8.487272858619689941e-01,-1.669871248304843903e-02,9.145255386829376221e-02,-4.988708198070526123e-01,4.916971027851104736e-01,7.528795003890991211e-01,-1.931717246770858765e-01
-1.277921646833419800e-01,-1.396137177944183350e-01,9.151585698127746582e-01,-9.708292037248611450e-02,-1.305235642939805984e-02,9.742991328239440918e-01,2.028441876173019409e-01,-2.821699976921081543e-01,1.353271454572677612e-01,1.397811621427536011e-01,1.218559294939041138e-01,-1.433202326297760010e-01,5.645548924803733826e-02,-1.123934909701347351e-01,-1.883317381143569946e-01,7.550415396690368652e-02,1.727843880653381348e-01,-5.581470206379890442e-02,2.180224359035491943e-01,5.940073356032371521e-02,1.064717676490545273e-02,4.664687514305114746e-01,-2.699736058712005615e-01,8.927438855171203613e-01,-1.541395764797925949e-02,7.324211299419403076e-02,-4.889272749423980713e-01,4.947247803211212158e-01,7.747759222984313965e-01,-1.946481466293334961e-01
-1.156468614935874939e-01,-1.329351067543029785e-01,9.129307270050048828e-01,-9.685096889734268188e-02,-8.840909227728843689e-03,9.741923809051513672e-01,2.036931365728378296e-01,-3.011945188045501709e-01,1.414198726415634155e-01,1.250221282243728638e-01,1.295035183429718018e-01,-1.307584792375564575e-01,5.256929993629455566e-02,-9.247650206089019775e-02,-1.720673292875289917e-01,1.203448921442031860e-01,1.423946321010589600e-01,-7.834334671497344971e-02,2.115461230278015137e-01,8.016311377286911011e-02,1.635645143687725067e-02,4.332989454269409180e-01,-2.716096639633178711e-01,9.319323897361755371e-01,-1.111474074423313141e-02,5.598656833171844482e-02,-4.802019894123077393e-01,5.025299787521362305e-01,7.898112535476684570e-01,-1.993112266063690186e-01
-9.437437355518341064e-02,-1.207596734166145325e-01,9.108005762100219727e-01,-9.399476647377014160e-02,-3.137122606858611107e-03,9.752167463302612305e-01,2.002683281898498535e-01,-3.265368342399597168e-01,1.524520665407180786e-01,1.039628833532333374e-01,1.358374357223510742e-01,-9.196639060974121094e-02,3.051160089671611786e-02,-7.904526591300964355e-02,-1.555611193180084229e-01,1.380194872617721558e-01,1.002624034881591797e-01,-1.328482925891876221e-01,1.913192272186279297e-01,1.055332720279693604e-01,2.229438908398151398e-02,4.026965498924255371e-01,-2.813913822174072266e-01,9.797099232673645020e-01,-1.020551286637783051e-02,3.887170180678367615e-02,-4.698820412158966064e-01,5.106294751167297363e-01,8.092550635337829590e-01,-1.858204007148742676e-01
-6.918325275182723999e-02,-1.062665060162544250e-01,9.089567661285400391e-01,-8.952660858631134033e-02,2.092386130243539810e-03,9.766257405281066895e-01,1.954042166471481323e-01,-3.464778661727905273e-01,1.669253408908843994e-01,8.214174211025238037e-02,1.272484809160232544e-01,-3.552263602614402771e-02,2.687266794964671135e-03,-7.278017699718475342e-02,-1.388978511095046997e-01,1.294721812009811401e-01,6.818536669015884399e-02,-1.926897913217544556e-01,1.614393293857574463e-01,1.335945278406143188e-01,2.628916129469871521e-02,3.705174326896667480e-01,-2.908831238746643066e-01,1.027392625808715820e+00,-1.407904829829931259e-02,2.462641522288322449e-02,-4.552304148674011230e-01,5.184063315391540527e-01,8.336344957351684570e-01,-1.780726015567779541e-01
-5.190734565258026123e-02,-9.581945091485977173e-02,9.065573811531066895e-01,-8.184917271137237549e-02,8.871039375662803650e-03,9.766820669174194336e-01,1.982780992984771729e-01,-3.277538120746612549e-01,1.700029522180557251e-01,9.200525283813476562e-02,8.850427716970443726e-02,9.318987838923931122e-03,-2.949040569365024567e-02,-5.713776126503944397e-02,-1.348029822111129761e-01,1.103915646672248840e-01,4.215510934591293335e-02,-2.477037310600280762e-01,1.450995802879333496e-01,1.730584949254989624e-01,4.289429634809494019e-02,3.367723822593688965e-01,-3.026080429553985596e-01,1.050790309906005859e+00,-2.226680330932140350e-02,2.307701669633388519e-02,-4.441292285919189453e-01,5.308691263198852539e-01,8.486681580543518066e-01,-1.718065142631530762e-01
-3.000663034617900848e-02,-8.925383538007736206e-02,9.057290554046630859e-01,-7.849576324224472046e-02,8.833359926939010620e-03,9.783263206481933594e-01,1.914106756448745728e-01,-3.391435742378234863e-01,1.776282936334609985e-01,5.703907832503318787e-02,5.716219171881675720e-02,6.545773148536682129e-02,-6.175618618726730347e-02,-6.436745822429656982e-02,-1.184025332331657410e-01,7.845615595579147339e-02,3.110964968800544739e-02,-2.617051303386688232e-01,1.342912763357162476e-01,2.079419195652008057e-01,5.161862075328826904e-02,3.231093287467956543e-01,-3.196136355400085449e-01,1.051372051239013672e+00,-3.477923199534416199e-02,1.583511196076869965e-02,-4.380350410938262939e-01,5.411955714225769043e-01,8.598042726516723633e-01,-1.554870903491973877e-01
-1.240838039666414261e-02,-8.223833888769149780e-02,9.062573313713073730e-01,-7.579544186592102051e-02,9.599864482879638672e-03,9.803629517555236816e-01,1.818003654479980469e-01,-3.542283177375793457e-01,1.663677692413330078e-01,6.950619630515575409e-03,3.546896949410438538e-02,5.717242509126663208e-02,-9.276238828897476196e-02,-7.006166130304336548e-02,-1.056661158800125122e-01,5.171693116426467896e-02,2.471513487398624420e-02,-2.622857689857482910e-01,1.285958290100097656e-01,2.315775156021118164e-01,5.720021948218345642e-02,3.177353441715240479e-01,-3.333355486392974854e-01,1.032673120498657227e+00,-5.202952772378921509e-02,1.481903903186321259e-02,-4.323048293590545654e-01,5.463478565216064453e-01,8.730642199516296387e-01,-1.413111239671707153e-01
8.594609797000885010e-03,-7.375320792198181152e-02,9.079052805900573730e-01,-7.346186041831970215e-02,1.247194875031709671e-02,9.835285544395446777e-01,1.646796017885208130e-01,-3.706609308719635010e-01,1.484082788228988647e-01,-1.279156934469938278e-02,1.580128259956836700e-02,2.229773439466953278e-02,-1.016361415386199951e-01,-7.789096981287002563e-02,-9.726333618164062500e-02,1.075719576328992844e-02,1.707735843956470490e-02,-2.541255950927734375e-01,1.240096688270568848e-01,2.566370666027069092e-01,6.070670858025550842e-02,3.229517638683319092e-01,-3.544756472110748291e-01,9.915866851806640625e-01,-6.388080865144729614e-02,1.695969142019748688e-02,-4.319134056568145752e-01,5.457984805107116699e-01,8.891022205352783203e-01,-1.234824582934379578e-01
2.849234454333782196e-02,-6.833570450544357300e-02,9.103303551673889160e-01,-7.215306162834167480e-02,1.507836859673261642e-02,9.875485897064208984e-01,1.389763057231903076e-01,-3.774296045303344727e-01,1.313385814428329468e-01,1.894867792725563049e-02,6.758926901966333389e-03,2.552954247221350670e-03,-9.170199185609817505e-02,-8.490178734064102173e-02,-9.718926250934600830e-02,-4.373488202691078186e-02,1.055940054357051849e-02,-2.366579174995422363e-01,1.219843849539756775e-01,2.682858407497406006e-01,6.240168213844299316e-02,3.450027108192443848e-01,-3.716308474540710449e-01,9.320480823516845703e-01,-7.415318489074707031e-02,2.536213956773281097e-02,-4.362247884273529053e-01,5.414409041404724121e-01,9.032639265060424805e-01,-1.187148764729499817e-01
4.887843504548072815e-02,-6.218383088707923889e-02,9.128345847129821777e-01,-7.013882696628570557e-02,1.807047799229621887e-02,9.914304018020629883e-01,1.087184697389602661e-01,-3.757472932338714600e-01,1.115571781992912292e-01,5.980662256479263306e-02,3.020458854734897614e-03,-9.644330479204654694e-03,-8.252536505460739136e-02,-9.048923105001449585e-02,-1.007187664508819580e-01,-1.068172678351402283e-01,6.013034377247095108e-03,-2.176598161458969116e-01,1.204694211483001709e-01,2.788980305194854736e-01,6.211140006780624390e-02,3.858099579811096191e-01,-3.714166879653930664e-01,8.558375239372253418e-01,-7.929510623216629028e-02,4.159290343523025513e-02,-4.423437714576721191e-01,5.231349468231201172e-01,9.230495095252990723e-01,-1.151313707232475281e-01
6.737653166055679321e-02,-5.528528988361358643e-02,9.151771664619445801e-01,-6.944915652275085449e-02,2.106096781790256500e-02,9.944785237312316895e-01,7.580070197582244873e-02,-3.630798757076263428e-01,8.955138176679611206e-02,1.024196222424507141e-01,7.284325547516345978e-03,-2.334226109087467194e-02,-6.823617964982986450e-02,-9.688773751258850098e-02,-1.064503043889999390e-01,-1.725153774023056030e-01,3.805136773735284805e-03,-2.006365656852722168e-01,1.141271963715553284e-01,2.858972251415252686e-01,6.667813658714294434e-02,4.427022933959960938e-01,-3.481311500072479248e-01,7.603217363357543945e-01,-9.431631863117218018e-02,6.306266784667968750e-02,-4.514616131782531738e-01,4.970027208328247070e-01,9.416924118995666504e-01,-1.164445430040359497e-01
8.175662904977798462e-02,-4.858490824699401855e-02,9.171620607376098633e-01,-7.049027830362319946e-02,2.364177815616130829e-02,9.961036443710327148e-01,4.743063449859619141e-02,-3.460580408573150635e-01,7.180833816528320312e-02,1.280342340469360352e-01,1.273625250905752182e-02,-3.734248876571655273e-02,-5.839159712195396423e-02,-1.043519973754882812e-01,-1.121026128530502319e-01,-2.306990325450897217e-01,2.178666181862354279e-03,-1.843941062688827515e-01,1.099899858236312866e-01,2.845357954502105713e-01,8.044457435607910156e-02,5.025210380554199219e-01,-3.153262436389923096e-01,6.706769466400146484e-01,-1.169160157442092896e-01,8.757429569959640503e-02,-4.603469669818878174e-01,4.642658829689025879e-01,9.443598985671997070e-01,-1.204583719372749329e-01
1.069439202547073364e-01,-4.089204221963882446e-02,9.199004173278808594e-01,-7.439286261796951294e-02,2.282650955021381378e-02,9.969554543495178223e-01,4.945024382323026657e-03,-3.369804918766021729e-01,5.979295074939727783e-02,1.464405357837677002e-01,3.456008806824684143e-02,-3.115885891020298004e-02,-3.495649993419647217e-02,-1.281792372465133667e-01,-1.192305609583854675e-01,-2.983451485633850098e-01,-4.391257185488939285e-03,-1.442558169364929199e-01,8.959424495697021484e-02,2.728110551834106445e-01,6.880365312099456787e-02,5.691794753074645996e-01,-2.814086675643920898e-01,6.067413091659545898e-01,-1.167820394039154053e-01,1.006613671779632568e-01,-4.642101824283599854e-01,4.461673796176910400e-01,9.636292457580566406e-01,-1.416625529527664185e-01
1.129815280437469482e-01,-3.351155668497085571e-02,9.219781756401062012e-01,-7.869882136583328247e-02,2.395839802920818329e-02,9.962115287780761719e-01,-2.819752506911754608e-02,-3.135948777198791504e-01,4.858906567096710205e-02,1.894294321537017822e-01,5.015615373849868774e-02,-4.723831638693809509e-02,-2.192420139908790588e-02,-1.282615661621093750e-01,-1.267213970422744751e-01,-3.596285879611968994e-01,-1.023269444704055786e-02,-1.302820295095443726e-01,8.308573812246322632e-02,2.558201253414154053e-01,6.673093885183334351e-02,6.127947568893432617e-01,-2.527071535587310791e-01,5.809312462806701660e-01,-1.016655042767524719e-01,1.114296987652778625e-01,-4.637821912765502930e-01,4.226517677307128906e-01,9.830888509750366211e-01,-1.566838920116424561e-01
1.230583637952804565e-01,-2.112712897360324860e-02,9.240177869796752930e-01,-8.157288283109664917e-02,2.895739488303661346e-02,9.942298531532287598e-01,-6.335919350385665894e-02,-2.716670632362365723e-01,3.162899985909461975e-02,2.235167175531387329e-01,9.251480549573898315e-02,-6.876251846551895142e-02,-4.726159851998090744e-03,-1.318841427564620972e-01,-1.385722756385803223e-01,-4.268814623355865479e-01,-1.256615947932004929e-02,-1.266510486602783203e-01,7.139181345701217651e-02,2.429264783859252930e-01,6.236277148127555847e-02,6.433982849121093750e-01,-2.328210324048995972e-01,5.806376934051513672e-01,-8.000894635915756226e-02,1.211769804358482361e-01,-4.663105010986328125e-01,4.093949198722839355e-01,9.998816847801208496e-01,-1.803960502147674561e-01
1.358513087034225464e-01,-6.572072859853506088e-03,9.260881543159484863e-01,-8.255694806575775146e-02,3.105518035590648651e-02,9.896201491355895996e-01,-1.134542152285575867e-01,-2.246197164058685303e-01,2.319346927106380463e-02,2.767332494258880615e-01,1.312721371650695801e-01,-9.675025939941406250e-02,1.742094196379184723e-02,-1.346464157104492188e-01,-1.518531739711761475e-01,-5.050197243690490723e-01,-4.936339799314737320e-03,-1.212586984038352966e-01,4.691890999674797058e-02,2.097852379083633423e-01,6.136112660169601440e-02,6.562442779541015625e-01,-2.357598543167114258e-01,6.196757555007934570e-01,-6.439603120088577271e-02,1.295751482248306274e-01,-4.682012498378753662e-01,4.076299667358398438e-01,1.006443262100219727e+00,-2.004733979701995850e-01
1.386293619871139526e-01,-1.879077870398759842e-03,9.273546338081359863e-01,-8.564388006925582886e-02,3.096508979797363281e-02,9.858368635177612305e-01,-1.408259868621826172e-01,-1.883973926305770874e-01,1.281969901174306870e-02,2.995410859584808350e-01,1.571279913187026978e-01,-1.174952834844589233e-01,2.744913101196289062e-02,-1.339852660894393921e-01,-1.605746746063232422e-01,-5.509060025215148926e-01,-3.493571421131491661e-03,-1.180241703987121582e-01,4.298634827136993408e-02,1.761397570371627808e-01,5.785994231700897217e-02,6.564751267433166504e-01,-2.349059581756591797e-01,6.576335430145263672e-01,-4.221685230731964111e-02,1.378037035465240479e-01,-4.695314168930053711e-01,4.014288783073425293e-01,1.031288623809814453e+00,-2.232531011104583740e-01
1.507973372936248779e-01,7.109956815838813782e-03,9.287989735603332520e-01,-8.454409986734390259e-02,3.398990258574485779e-02,9.816319346427917480e-01,-1.676177233457565308e-01,-1.603926122188568115e-01,2.052763244137167931e-03,3.123549520969390869e-01,2.061137706041336060e-01,-1.222691833972930908e-01,3.807489946484565735e-02,-1.389968395233154297e-01,-1.745342314243316650e-01,-5.983945727348327637e-01,9.825156303122639656e-04,-1.108188405632972717e-01,3.431075438857078552e-02,1.476944833993911743e-01,5.248973146080970764e-02,6.500884294509887695e-01,-2.535155713558197021e-01,6.975675821304321289e-01,-1.982531137764453888e-02,1.385527402162551880e-01,-4.672712087631225586e-01,4.013105332851409912e-01,1.049165248870849609e+00,-2.327010780572891235e-01
1.600798815488815308e-01,1.492791436612606049e-02,9.294032454490661621e-01,-8.455266058444976807e-02,3.533521294593811035e-02,9.770843386650085449e-01,-1.921156346797943115e-01,-1.318776160478591919e-01,-6.094146985560655594e-03,3.280328810214996338e-01,2.340552061796188354e-01,-1.295918524265289307e-01,4.174968972802162170e-02,-1.424022465944290161e-01,-1.855141520500183105e-01,-6.497144103050231934e-01,3.710090182721614838e-03,-1.063324287533760071e-01,3.153852373361587524e-02,1.249272227287292480e-01,4.258514940738677979e-02,6.392173767089843750e-01,-2.600278556346893311e-01,7.337974905967712402e-01,2.659928519278764725e-03,1.446611434221267700e-01,-4.614245295524597168e-01,4.010030925273895264e-01,1.062162876129150391e+00,-2.422322630882263184e-01
1.754063814878463745e-01,2.361814118921756744e-02,9.293155670166015625e-01,-8.255698531866073608e-02,3.603716567158699036e-02,9.713703989982604980e-01,-2.198300659656524658e-01,-9.786041080951690674e-02,-1.208182983100414276e-02,3.489457964897155762e-01,2.507490217685699463e-01,-1.350859701633453369e-01,3.554892167448997498e-02,-1.461335718631744385e-01,-1.977817267179489136e-01,-7.053519487380981445e-01,1.386675634421408176e-03,-9.523493051528930664e-02,3.645614162087440491e-02,9.568777680397033691e-02,3.045265190303325653e-02,6.313797235488891602e-01,-2.716636657714843750e-01,7.574705481529235840e-01,3.058835677802562714e-02,1.449616402387619019e-01,-4.569898545742034912e-01,3.979675173759460449e-01,1.071996569633483887e+00,-2.538601756095886230e-01
1.877193748950958252e-01,2.975381910800933838e-02,9.285834431648254395e-01,-7.987869530916213989e-02,3.391516581177711487e-02,9.662007093429565430e-01,-2.427453249692916870e-01,-6.826938688755035400e-02,-1.455760002136230469e-02,3.567396104335784912e-01,2.357840836048126221e-01,-1.491388082504272461e-01,3.138272836804389954e-02,-1.472553908824920654e-01,-2.055202573537826538e-01,-7.603871822357177734e-01,2.450694330036640167e-03,-8.349477499723434448e-02,3.892196342349052429e-02,7.218139618635177612e-02,2.358168177306652069e-02,6.267929077148437500e-01,-2.819425463676452637e-01,7.790107727050781250e-01,5.166433006525039673e-02,1.499686837196350098e-01,-4.516509473323822021e-01,3.998663723468780518e-01,1.078248858451843262e+00,-2.622352242469787598e-01
1.935139894485473633e-01,2.754002809524536133e-02,9.276170730590820312e-01,-7.836501300334930420e-02,2.951894886791706085e-02,9.645411968231201172e-01,-2.502954602241516113e-01,-5.329217761754989624e-02,-2.062117680907249451e-02,3.377412855625152588e-01,2.046741843223571777e-01,-1.669588834047317505e-01,3.275583311915397644e-02,-1.479578912258148193e-01,-2.077719420194625854e-01,-7.851585149765014648e-01,6.178734824061393738e-03,-7.666124403476715088e-02,4.320903494954109192e-02,5.938649550080299377e-02,1.713476516306400299e-02,6.247125864028930664e-01,-2.945622503757476807e-01,7.918050885200500488e-01,7.183784991502761841e-02,1.488372683525085449e-01,-4.504422247409820557e-01,4.100477993488311768e-01,1.085725188255310059e+00,-2.747145593166351318e-01
